[{"tag":{"S":"Hdi_RJnx1j4vky70JYH_4/search"},"path":{"S":"Hdi_RJnx1j4vky70JYH_4/00544e5c6d78e97c0013e8db114d9eccbb5648e95df10f5f0f1d7030a401ffcd"},"revalidatedAt":{"N":"1709739537593"}},{"tag":{"S":"Hdi_RJnx1j4vky70JYH_4/video-source-url-name"},"path":{"S":"Hdi_RJnx1j4vky70JYH_4/0257b4b9af8c2c6b00f474b1d8ec50659a68ddf45478ff529ee82cf27ff67f95"},"revalidatedAt":{"N":"1709739537594"}},{"tag":{"S":"Hdi_RJnx1j4vky70JYH_4/search"},"path":{"S":"Hdi_RJnx1j4vky70JYH_4/0299e5f0131e5ef3f4ad742cdabb6d63e9d47f7fb2a2be4449e0cd226dd8b5ae"},"revalidatedAt":{"N":"1709739537594"}},{"tag":{"S":"Hdi_RJnx1j4vky70JYH_4/video-source-url-name"},"path":{"S":"Hdi_RJnx1j4vky70JYH_4/03d7c2da9ed5e34d572ba5ab6ba4eda0a28d9bded6ffe1670890dca61b454f4b"},"revalidatedAt":{"N":"1709739537595"}},{"tag":{"S":"Hdi_RJnx1j4vky70JYH_4/anime-details-name"},"path":{"S":"Hdi_RJnx1j4vky70JYH_4/04317fc5df65f8d5cabb5c6a874aa8c70b1463f217714f302ae015c64a71515f"},"revalidatedAt":{"N":"1709739537596"}},{"tag":{"S":"Hdi_RJnx1j4vky70JYH_4/video-source-url-name"},"path":{"S":"Hdi_RJnx1j4vky70JYH_4/049598f81319a15fde3b8f6e742d3d01e7f911cf86da64aa1184e684b8fc70cb"},"revalidatedAt":{"N":"1709739537596"}},{"tag":{"S":"Hdi_RJnx1j4vky70JYH_4/search"},"path":{"S":"Hdi_RJnx1j4vky70JYH_4/057936cf0c205bc3a51a64e25a5e142d971c0942f6e4cbcd534ff5886059623a"},"revalidatedAt":{"N":"1709739537596"}},{"tag":{"S":"Hdi_RJnx1j4vky70JYH_4/anime-details-name"},"path":{"S":"Hdi_RJnx1j4vky70JYH_4/062c0b54e3e742ea0fbc46d6f55f1bf77dd9ff105bb6f5071502dd13c0efb5b6"},"revalidatedAt":{"N":"1709739537597"}},{"tag":{"S":"Hdi_RJnx1j4vky70JYH_4/search"},"path":{"S":"Hdi_RJnx1j4vky70JYH_4/069d991e795995525e669f85eee86ea56d0c1eaf200892801a9294dbdca2edab"},"revalidatedAt":{"N":"1709739537597"}},{"tag":{"S":"Hdi_RJnx1j4vky70JYH_4/video-source-url-name"},"path":{"S":"Hdi_RJnx1j4vky70JYH_4/078e448f6c2170cf85fe7d5accf92dd58dfec18583d7b083e2d971da4a00b4ed"},"revalidatedAt":{"N":"1709739537598"}},{"tag":{"S":"Hdi_RJnx1j4vky70JYH_4/video-source-url-name"},"path":{"S":"Hdi_RJnx1j4vky70JYH_4/07d87eb5487d346dc519438272c7ab3c5b0aac9257170897f0312b2fc53c5a09"},"revalidatedAt":{"N":"1709739537599"}},{"tag":{"S":"Hdi_RJnx1j4vky70JYH_4/search"},"path":{"S":"Hdi_RJnx1j4vky70JYH_4/083429037ab8183809838de3ce80e566ddb06727a3a0431077ee5a763b9cbb52"},"revalidatedAt":{"N":"1709739537599"}},{"tag":{"S":"Hdi_RJnx1j4vky70JYH_4/anime-details-name"},"path":{"S":"Hdi_RJnx1j4vky70JYH_4/09b640fecb6ac006fcf33d3eea9502df5abedd2c0b63e8cf73267808d14056d3"},"revalidatedAt":{"N":"1709739537599"}},{"tag":{"S":"Hdi_RJnx1j4vky70JYH_4/search"},"path":{"S":"Hdi_RJnx1j4vky70JYH_4/09fc4a67350d6c367e76255fde70e4ca2adc6bb7958d87f421d076e43572c2d4"},"revalidatedAt":{"N":"1709739537600"}},{"tag":{"S":"Hdi_RJnx1j4vky70JYH_4/anime-details-name"},"path":{"S":"Hdi_RJnx1j4vky70JYH_4/0ab7f5c5eac7efea34cd5e0f1c172bb24628725ee8528041771b39ba4fef68c9"},"revalidatedAt":{"N":"1709739537600"}},{"tag":{"S":"Hdi_RJnx1j4vky70JYH_4/search"},"path":{"S":"Hdi_RJnx1j4vky70JYH_4/0bad00c51cbc93b2e9bb8892147e34c1cc891014fd0765e12d66ffa20acca300"},"revalidatedAt":{"N":"1709739537600"}},{"tag":{"S":"Hdi_RJnx1j4vky70JYH_4/search"},"path":{"S":"Hdi_RJnx1j4vky70JYH_4/0c3868b5f3024e07a484efe861a9f840eaf9aeb8f28e907525ab8661519e9d7d"},"revalidatedAt":{"N":"1709739537601"}},{"tag":{"S":"Hdi_RJnx1j4vky70JYH_4/video-source-url-name"},"path":{"S":"Hdi_RJnx1j4vky70JYH_4/0d165d5531e5d16e5b0d8a664b705ea149f2560f704babbebba8c60465383c97"},"revalidatedAt":{"N":"1709739537601"}},{"tag":{"S":"Hdi_RJnx1j4vky70JYH_4/video-source-url-name"},"path":{"S":"Hdi_RJnx1j4vky70JYH_4/0f3d7b26df6d1359dbb8a2bef551e7ea1c90654bf8a2295977420651c3aacd18"},"revalidatedAt":{"N":"1709739537601"}},{"tag":{"S":"Hdi_RJnx1j4vky70JYH_4/video-source-url-name"},"path":{"S":"Hdi_RJnx1j4vky70JYH_4/1339f9199beade14a71aa01422c8767cf8a7d7b9565aeb2c1873c8a45c75e1af"},"revalidatedAt":{"N":"1709739537603"}},{"tag":{"S":"Hdi_RJnx1j4vky70JYH_4/anime-details-name"},"path":{"S":"Hdi_RJnx1j4vky70JYH_4/13fc6cee5a63eb4c9d9e5786a304650c3acb9757e2c823eb0fc1095253e64306"},"revalidatedAt":{"N":"1709739537603"}},{"tag":{"S":"Hdi_RJnx1j4vky70JYH_4/anime-details-name"},"path":{"S":"Hdi_RJnx1j4vky70JYH_4/1492c1e985d1817c9e06a7720612d49fd5cbc145c903985acc81bfc4a0b0700c"},"revalidatedAt":{"N":"1709739537604"}},{"tag":{"S":"Hdi_RJnx1j4vky70JYH_4/anime-details-name"},"path":{"S":"Hdi_RJnx1j4vky70JYH_4/1599ae0bc12c4c3d474b3971f3acf9019345b5c4f0d27b02878fb3bc93695a0d"},"revalidatedAt":{"N":"1709739537605"}},{"tag":{"S":"Hdi_RJnx1j4vky70JYH_4/video-source-url-name"},"path":{"S":"Hdi_RJnx1j4vky70JYH_4/161b2748af6bb3a97bb4cdd1b6529a87aeb04ef4267c66ed721927984cdec98b"},"revalidatedAt":{"N":"1709739537605"}},{"tag":{"S":"Hdi_RJnx1j4vky70JYH_4/anime-details-name"},"path":{"S":"Hdi_RJnx1j4vky70JYH_4/16b1c1c161790a6989c60423f1d097b17394731b24d9b945845f31a10c6dfadc"},"revalidatedAt":{"N":"1709739537605"}},{"tag":{"S":"Hdi_RJnx1j4vky70JYH_4/anime-details-name"},"path":{"S":"Hdi_RJnx1j4vky70JYH_4/16dbb1ebc1c3c0cb5819b2341636d029af21e890d2abe57b8d1ffa1d28be4d62"},"revalidatedAt":{"N":"1709739537605"}},{"tag":{"S":"Hdi_RJnx1j4vky70JYH_4/anime-details-name"},"path":{"S":"Hdi_RJnx1j4vky70JYH_4/17b13dc92442e19d2151ba2ee82975db5a3f3d2c777aa034bf983d262587d5a4"},"revalidatedAt":{"N":"1709739537606"}},{"tag":{"S":"Hdi_RJnx1j4vky70JYH_4/anime-details-name"},"path":{"S":"Hdi_RJnx1j4vky70JYH_4/18bcc5d496a8b3ad71b17d1489177adbf23b27e08e82b810f698bdc22be34e05"},"revalidatedAt":{"N":"1709739537607"}},{"tag":{"S":"Hdi_RJnx1j4vky70JYH_4/anime-details-name"},"path":{"S":"Hdi_RJnx1j4vky70JYH_4/199a7c4d5c383797caf82c64e3446a0ccb852ca8e0ff77e285a8ce73652ab93d"},"revalidatedAt":{"N":"1709739537608"}},{"tag":{"S":"Hdi_RJnx1j4vky70JYH_4/search"},"path":{"S":"Hdi_RJnx1j4vky70JYH_4/1ba463a5785d3857ff4551f9e39ed0024d9e45d6009828346c3cab505f4da826"},"revalidatedAt":{"N":"1709739537609"}},{"tag":{"S":"Hdi_RJnx1j4vky70JYH_4/anime-details-name"},"path":{"S":"Hdi_RJnx1j4vky70JYH_4/1bb5678476b346c70fd94bff8a6680843400a6b9a23278da17c8993b33da1a2f"},"revalidatedAt":{"N":"1709739537609"}},{"tag":{"S":"Hdi_RJnx1j4vky70JYH_4/anime-details-name"},"path":{"S":"Hdi_RJnx1j4vky70JYH_4/1c7fb241f4a12eb99bc680717fd04b741c4ae9740af40e02375e34402cda1cda"},"revalidatedAt":{"N":"1709739537609"}},{"tag":{"S":"Hdi_RJnx1j4vky70JYH_4/search"},"path":{"S":"Hdi_RJnx1j4vky70JYH_4/1ca602548f4f4a5b697b29fa23c5546fcd1bf4b2c72c034c7f7e2f49790b397c"},"revalidatedAt":{"N":"1709739537609"}},{"tag":{"S":"Hdi_RJnx1j4vky70JYH_4/video-source-url-name"},"path":{"S":"Hdi_RJnx1j4vky70JYH_4/1cbcd464a71758074b34bb16efdd089da221a7a53ff30ebdc536e51ccb57f94c"},"revalidatedAt":{"N":"1709739537609"}},{"tag":{"S":"Hdi_RJnx1j4vky70JYH_4/anime-details-name"},"path":{"S":"Hdi_RJnx1j4vky70JYH_4/1cdfaf637320e78a155495379bd61b3b467c77ff6fe0ef3eefa2d9d056b3edd7"},"revalidatedAt":{"N":"1709739537610"}},{"tag":{"S":"Hdi_RJnx1j4vky70JYH_4/anime-details-name"},"path":{"S":"Hdi_RJnx1j4vky70JYH_4/1f2ca6970de659b3d4db33686214a532992169432e0f641d2371257cd37fc53c"},"revalidatedAt":{"N":"1709739537610"}},{"tag":{"S":"Hdi_RJnx1j4vky70JYH_4/search"},"path":{"S":"Hdi_RJnx1j4vky70JYH_4/1fcc29adf12d70d1ea8c1bee123294b32ee2026b0c5c82d29484c554ae0d644d"},"revalidatedAt":{"N":"1709739537611"}},{"tag":{"S":"Hdi_RJnx1j4vky70JYH_4/anime-details-name"},"path":{"S":"Hdi_RJnx1j4vky70JYH_4/209aa2d3d2b43cc5e10e0e28c5aba306298aa2ce3de767cbeb409511cdb1a192"},"revalidatedAt":{"N":"1709739537611"}},{"tag":{"S":"Hdi_RJnx1j4vky70JYH_4/anime-details-name"},"path":{"S":"Hdi_RJnx1j4vky70JYH_4/233b327c1b6cc52193bbd54b0d9d65dc0542605b804a39240d271541ae69d6ec"},"revalidatedAt":{"N":"1709739537611"}},{"tag":{"S":"Hdi_RJnx1j4vky70JYH_4/search"},"path":{"S":"Hdi_RJnx1j4vky70JYH_4/23e19dcf6da003af1426ea0b30a0a57af606de9a4f0d8a5b2e463234b5e32124"},"revalidatedAt":{"N":"1709739537611"}},{"tag":{"S":"Hdi_RJnx1j4vky70JYH_4/video-source-url-name"},"path":{"S":"Hdi_RJnx1j4vky70JYH_4/246ac2cf5ba5a2d0d95f8c542f09181cec312a037b53d07b973d1093d1183e1e"},"revalidatedAt":{"N":"1709739537612"}},{"tag":{"S":"Hdi_RJnx1j4vky70JYH_4/video-source-url-name"},"path":{"S":"Hdi_RJnx1j4vky70JYH_4/24fc4d0d833c6ebf64bee56b7126302c9b3160fd68248bd968f164e474f6b781"},"revalidatedAt":{"N":"1709739537613"}},{"tag":{"S":"Hdi_RJnx1j4vky70JYH_4/video-source-url-name"},"path":{"S":"Hdi_RJnx1j4vky70JYH_4/272e05640c4e29c01f6e19b7d3a50384758c7e68838b5fa3a02f21bf30bd30ee"},"revalidatedAt":{"N":"1709739537614"}},{"tag":{"S":"Hdi_RJnx1j4vky70JYH_4/search"},"path":{"S":"Hdi_RJnx1j4vky70JYH_4/292832bc686158e6669fe6fd523b4fc1998933d013dba4fda81b7a01ba245fcb"},"revalidatedAt":{"N":"1709739537614"}},{"tag":{"S":"Hdi_RJnx1j4vky70JYH_4/video-source-url-name"},"path":{"S":"Hdi_RJnx1j4vky70JYH_4/298fd7c447efaa6031e400293e4d13e4cd87a42e6cabd10a1d5f7a43f36881f7"},"revalidatedAt":{"N":"1709739537615"}},{"tag":{"S":"Hdi_RJnx1j4vky70JYH_4/video-source-url-name"},"path":{"S":"Hdi_RJnx1j4vky70JYH_4/2992a76b18af7d1f96af154ca86991a09e5a7703358c582d887d5f3a1cac4b1d"},"revalidatedAt":{"N":"1709739537615"}},{"tag":{"S":"Hdi_RJnx1j4vky70JYH_4/video-source-url-name"},"path":{"S":"Hdi_RJnx1j4vky70JYH_4/2b67670a63fa52ec234b446d937837f11424e16b571531ca670c621734e5a917"},"revalidatedAt":{"N":"1709739537616"}},{"tag":{"S":"Hdi_RJnx1j4vky70JYH_4/anime-details-name"},"path":{"S":"Hdi_RJnx1j4vky70JYH_4/2e0ee425a8661022d895a50a5f82358b78f2aec8406ca9366afeb42c5a030ce8"},"revalidatedAt":{"N":"1709739537617"}},{"tag":{"S":"Hdi_RJnx1j4vky70JYH_4/anime-details-name"},"path":{"S":"Hdi_RJnx1j4vky70JYH_4/2f9b2431c2e6cc0754cc8b01eb3c53d6feff5913d122cd9caeaa2a6206023d27"},"revalidatedAt":{"N":"1709739537618"}},{"tag":{"S":"Hdi_RJnx1j4vky70JYH_4/anime-details-name"},"path":{"S":"Hdi_RJnx1j4vky70JYH_4/2f9cc2fef7f77f52f7f6cf87b724bf6b0e7bbaa1c908b5a4f2367b680ed9a914"},"revalidatedAt":{"N":"1709739537618"}},{"tag":{"S":"Hdi_RJnx1j4vky70JYH_4/video-source-url-name"},"path":{"S":"Hdi_RJnx1j4vky70JYH_4/30946362cf3563d07c8e9586eff801359012a501f31d81aee01106cb1dcdc28e"},"revalidatedAt":{"N":"1709739537619"}},{"tag":{"S":"Hdi_RJnx1j4vky70JYH_4/video-source-url-name"},"path":{"S":"Hdi_RJnx1j4vky70JYH_4/318cbda46195abb00ea4fbc0fda97661047499d7434116f423ba4ae2400ca0e3"},"revalidatedAt":{"N":"1709739537619"}},{"tag":{"S":"Hdi_RJnx1j4vky70JYH_4/anime-details-name"},"path":{"S":"Hdi_RJnx1j4vky70JYH_4/3291bf557f0a075d9bd324b37d62e2c19ff7a59160e9a95b58a839856505a660"},"revalidatedAt":{"N":"1709739537620"}},{"tag":{"S":"Hdi_RJnx1j4vky70JYH_4/video-source-url-name"},"path":{"S":"Hdi_RJnx1j4vky70JYH_4/32c9a2e47d58bc7ad3a77e5c13ce7e14dc3262cdc91fdad3d3b03687f1cdf451"},"revalidatedAt":{"N":"1709739537620"}},{"tag":{"S":"Hdi_RJnx1j4vky70JYH_4/anime-details-name"},"path":{"S":"Hdi_RJnx1j4vky70JYH_4/34fbc90acece1b3aafd6c7c427f904173dca531901b9b8e9f731dd9934a5b830"},"revalidatedAt":{"N":"1709739537621"}},{"tag":{"S":"Hdi_RJnx1j4vky70JYH_4/anime-details-name"},"path":{"S":"Hdi_RJnx1j4vky70JYH_4/36c1a51fb923d8fbd00f905d77344714bef1a9ee67b1cd61e21da214ce43da7e"},"revalidatedAt":{"N":"1709739537622"}},{"tag":{"S":"Hdi_RJnx1j4vky70JYH_4/video-source-url-name"},"path":{"S":"Hdi_RJnx1j4vky70JYH_4/37099589680da7e5c93de7a13aa5180fb899192fece66f9481c0bd2aa8dcdcca"},"revalidatedAt":{"N":"1709739537622"}},{"tag":{"S":"Hdi_RJnx1j4vky70JYH_4/recently-released-anime"},"path":{"S":"Hdi_RJnx1j4vky70JYH_4/37383321fea033dc6b218dcf91ea59ffe5d7deb35d5d144c94e3b812b6522bdc"},"revalidatedAt":{"N":"1709739537622"}},{"tag":{"S":"Hdi_RJnx1j4vky70JYH_4/search"},"path":{"S":"Hdi_RJnx1j4vky70JYH_4/3740d899130e0dd1673412c21d956daa92996c4344c8e556d372c6754eb4ef52"},"revalidatedAt":{"N":"1709739537622"}},{"tag":{"S":"Hdi_RJnx1j4vky70JYH_4/anime-details-name"},"path":{"S":"Hdi_RJnx1j4vky70JYH_4/377e46f819115dfa51a10b0842b44bb858da85b5e77a372b0878444e26c59187"},"revalidatedAt":{"N":"1709739537623"}},{"tag":{"S":"Hdi_RJnx1j4vky70JYH_4/recently-released-anime"},"path":{"S":"Hdi_RJnx1j4vky70JYH_4/37c88140b79626ee911201c19d67d8d9868c1b2d50bc54ddf2109288005e8d5c"},"revalidatedAt":{"N":"1709739537623"}},{"tag":{"S":"Hdi_RJnx1j4vky70JYH_4/video-source-url-name"},"path":{"S":"Hdi_RJnx1j4vky70JYH_4/39723524666e92ed60e2e19413e7a3ebf2639dfe48f5dc12fab1c07614aa1741"},"revalidatedAt":{"N":"1709739537624"}},{"tag":{"S":"Hdi_RJnx1j4vky70JYH_4/anime-details-name"},"path":{"S":"Hdi_RJnx1j4vky70JYH_4/3987d8fb57d257876fb54b4f053d2c8f442fd27ddefe8670d30bd3d9a2120fc6"},"revalidatedAt":{"N":"1709739537624"}},{"tag":{"S":"Hdi_RJnx1j4vky70JYH_4/video-source-url-name"},"path":{"S":"Hdi_RJnx1j4vky70JYH_4/3aa761adbeb44aab37627eef82a6208f5de2807bb8b62bc993cf60f77f8e1a00"},"revalidatedAt":{"N":"1709739537625"}},{"tag":{"S":"Hdi_RJnx1j4vky70JYH_4/search"},"path":{"S":"Hdi_RJnx1j4vky70JYH_4/3abbab440bed46e11f7609eb8fc927b8a67a1a8b3c8e9bd52fb5b4a2b2655fc3"},"revalidatedAt":{"N":"1709739537625"}},{"tag":{"S":"Hdi_RJnx1j4vky70JYH_4/video-source-url-name"},"path":{"S":"Hdi_RJnx1j4vky70JYH_4/3b9ac584c213a3e7e3357b693efa84f9ce288610857e94cd70bdfb388b486756"},"revalidatedAt":{"N":"1709739537626"}},{"tag":{"S":"Hdi_RJnx1j4vky70JYH_4/video-source-url-name"},"path":{"S":"Hdi_RJnx1j4vky70JYH_4/3cfc53abc6d329524b63303b16e5b4cc3804ac5a4615b04e40aac8805c5b072e"},"revalidatedAt":{"N":"1709739537626"}},{"tag":{"S":"Hdi_RJnx1j4vky70JYH_4/anime-details-name"},"path":{"S":"Hdi_RJnx1j4vky70JYH_4/3de6c6eff3e1137eeb87609df70382fc5876f039594b89bc6fdf864d37c14d9a"},"revalidatedAt":{"N":"1709739537627"}},{"tag":{"S":"Hdi_RJnx1j4vky70JYH_4/anime-details-name"},"path":{"S":"Hdi_RJnx1j4vky70JYH_4/3e7b1ede9fed7e7762eaa9badef0ae3391dbd4a799ecaf397dae9e90d09b6fc8"},"revalidatedAt":{"N":"1709739537627"}},{"tag":{"S":"Hdi_RJnx1j4vky70JYH_4/anime-details-name"},"path":{"S":"Hdi_RJnx1j4vky70JYH_4/3e9a113f2fe88ebf9b5f4b7755bd1e79876db4f76ddb842f8368b52690d2a088"},"revalidatedAt":{"N":"1709739537627"}},{"tag":{"S":"Hdi_RJnx1j4vky70JYH_4/search"},"path":{"S":"Hdi_RJnx1j4vky70JYH_4/427bd72efe7d98fc4d9e78ddcb6623cd7eb68a69042415424e15f2d04516f1a2"},"revalidatedAt":{"N":"1709739537629"}},{"tag":{"S":"Hdi_RJnx1j4vky70JYH_4/anime-details-name"},"path":{"S":"Hdi_RJnx1j4vky70JYH_4/43ccc481cd0d83283cd0f7135e9298da014e2407b99ad9f3c1e4712f1d211f4f"},"revalidatedAt":{"N":"1709739537629"}},{"tag":{"S":"Hdi_RJnx1j4vky70JYH_4/video-source-url-name"},"path":{"S":"Hdi_RJnx1j4vky70JYH_4/44367d8815166e887349fe0be3bc8d573c29605d5469f307fe071e4692616a45"},"revalidatedAt":{"N":"1709739537630"}},{"tag":{"S":"Hdi_RJnx1j4vky70JYH_4/anime-details-name"},"path":{"S":"Hdi_RJnx1j4vky70JYH_4/4465a50462ae4af4fe1cc3a2f8b277efb05d5ad90b0e878dbb11961f2e709a5c"},"revalidatedAt":{"N":"1709739537630"}},{"tag":{"S":"Hdi_RJnx1j4vky70JYH_4/anime-details-name"},"path":{"S":"Hdi_RJnx1j4vky70JYH_4/457bdbf3ca652826926d8504dbcb4ef1388250507e39055b3077f5ddbff76e33"},"revalidatedAt":{"N":"1709739537631"}},{"tag":{"S":"Hdi_RJnx1j4vky70JYH_4/anime-details-name"},"path":{"S":"Hdi_RJnx1j4vky70JYH_4/4587287244cbdc6e159bc9ee860aec240021a827bbabe1c317a95096a0c91367"},"revalidatedAt":{"N":"1709739537631"}},{"tag":{"S":"Hdi_RJnx1j4vky70JYH_4/anime-details-name"},"path":{"S":"Hdi_RJnx1j4vky70JYH_4/47ff402b47ac0ad643271556ba244e79c62d54da80263f510b97ff22b164f0fc"},"revalidatedAt":{"N":"1709739537632"}},{"tag":{"S":"Hdi_RJnx1j4vky70JYH_4/video-source-url-name"},"path":{"S":"Hdi_RJnx1j4vky70JYH_4/4933f72a10090fd81743e4c139263fb6ac98b1d660e31f5b6e043a0d7ed71701"},"revalidatedAt":{"N":"1709739537632"}},{"tag":{"S":"Hdi_RJnx1j4vky70JYH_4/recently-released-anime"},"path":{"S":"Hdi_RJnx1j4vky70JYH_4/4945736d64ceadae3e534a5245ae198ec16cfe1ef8f6a6f4f176556e6103bc0c"},"revalidatedAt":{"N":"1709739537632"}},{"tag":{"S":"Hdi_RJnx1j4vky70JYH_4/video-source-url-name"},"path":{"S":"Hdi_RJnx1j4vky70JYH_4/4a884472bdc151b27ab1efb57977c3220afcee573a3aa94f5b56a60bbb693d2d"},"revalidatedAt":{"N":"1709739537633"}},{"tag":{"S":"Hdi_RJnx1j4vky70JYH_4/recently-released-anime"},"path":{"S":"Hdi_RJnx1j4vky70JYH_4/4c1203b9a0e527c68661ed7a62ad9868bccc74c11a6e538a6e193b6b0d233b8c"},"revalidatedAt":{"N":"1709739537634"}},{"tag":{"S":"Hdi_RJnx1j4vky70JYH_4/video-source-url-name"},"path":{"S":"Hdi_RJnx1j4vky70JYH_4/4e0c351595b02ec379e0654b4a465ce408acd63bf64047c8b26e5c9c05c87fec"},"revalidatedAt":{"N":"1709739537635"}},{"tag":{"S":"Hdi_RJnx1j4vky70JYH_4/anime-details-name"},"path":{"S":"Hdi_RJnx1j4vky70JYH_4/4e696983d17ce8aef30560f8ec6580c6068cbef91c14419daf9bca1093496c47"},"revalidatedAt":{"N":"1709739537635"}},{"tag":{"S":"Hdi_RJnx1j4vky70JYH_4/search"},"path":{"S":"Hdi_RJnx1j4vky70JYH_4/4eb191c1d62735e6abd4081a936219807c43e1c446d5142bfce1bb82bb34137e"},"revalidatedAt":{"N":"1709739537635"}},{"tag":{"S":"Hdi_RJnx1j4vky70JYH_4/video-source-url-name"},"path":{"S":"Hdi_RJnx1j4vky70JYH_4/4ee187eaab499262257b2a59fb786e13a20e5a05b1567c048ac7d1190490eade"},"revalidatedAt":{"N":"1709739537636"}},{"tag":{"S":"Hdi_RJnx1j4vky70JYH_4/search"},"path":{"S":"Hdi_RJnx1j4vky70JYH_4/4f1bc497437605e7f94028712d5f96a3fff2f222598226933ceccc38cca39b16"},"revalidatedAt":{"N":"1709739537636"}},{"tag":{"S":"Hdi_RJnx1j4vky70JYH_4/video-source-url-name"},"path":{"S":"Hdi_RJnx1j4vky70JYH_4/4f77b09487229091b61494700b78a08afbf850de91ba726ecfbe24ffd0e01751"},"revalidatedAt":{"N":"1709739537636"}},{"tag":{"S":"Hdi_RJnx1j4vky70JYH_4/video-source-url-name"},"path":{"S":"Hdi_RJnx1j4vky70JYH_4/4fea58e8df16547f85ff03b80c51b794c3a02d55cfa43b6e646743a43856bf04"},"revalidatedAt":{"N":"1709739537636"}},{"tag":{"S":"Hdi_RJnx1j4vky70JYH_4/video-source-url-name"},"path":{"S":"Hdi_RJnx1j4vky70JYH_4/5103843cf36e2c965cdec18322b1af7061d074c3bcc264745251aa384fcc22da"},"revalidatedAt":{"N":"1709739537637"}},{"tag":{"S":"Hdi_RJnx1j4vky70JYH_4/video-source-url-name"},"path":{"S":"Hdi_RJnx1j4vky70JYH_4/5203a8b207c5c2280c7965fa38e572a913f3a76e6058bb4ed26dae5d88872f7f"},"revalidatedAt":{"N":"1709739537638"}},{"tag":{"S":"Hdi_RJnx1j4vky70JYH_4/video-source-url-name"},"path":{"S":"Hdi_RJnx1j4vky70JYH_4/535bb568b201f69763986495bae6627b7caa9b8def62d618709a46e710144609"},"revalidatedAt":{"N":"1709739537639"}},{"tag":{"S":"Hdi_RJnx1j4vky70JYH_4/search"},"path":{"S":"Hdi_RJnx1j4vky70JYH_4/53a4c259f757f766531afa4c6d3f09ffe1473627c45c496e0069e3b7e2c041ec"},"revalidatedAt":{"N":"1709739537639"}},{"tag":{"S":"Hdi_RJnx1j4vky70JYH_4/search"},"path":{"S":"Hdi_RJnx1j4vky70JYH_4/5420f301d376d9a3d7947e2dbe1541191a859ebb4fed124e1b2780f14b6e0068"},"revalidatedAt":{"N":"1709739537639"}},{"tag":{"S":"Hdi_RJnx1j4vky70JYH_4/video-source-url-name"},"path":{"S":"Hdi_RJnx1j4vky70JYH_4/54519a3d15472b1c4a8c9f51d7177f6e6adebdb55300956de75d987dc57304b3"},"revalidatedAt":{"N":"1709739537640"}},{"tag":{"S":"Hdi_RJnx1j4vky70JYH_4/video-source-url-name"},"path":{"S":"Hdi_RJnx1j4vky70JYH_4/545f554f8f61c13bdfedf8f515b27ec4e366f473fd5456ed7bf410814e63a300"},"revalidatedAt":{"N":"1709739537640"}},{"tag":{"S":"Hdi_RJnx1j4vky70JYH_4/search"},"path":{"S":"Hdi_RJnx1j4vky70JYH_4/54a52ec426c9d18d677dfea7b01325cee6c1658ca26915d0602cb5de2ff8b624"},"revalidatedAt":{"N":"1709739537640"}},{"tag":{"S":"Hdi_RJnx1j4vky70JYH_4/anime-details-name"},"path":{"S":"Hdi_RJnx1j4vky70JYH_4/54d28674741ae5a92b57570adeae70396a3a2e10bece5c861100101968fbb912"},"revalidatedAt":{"N":"1709739537640"}},{"tag":{"S":"Hdi_RJnx1j4vky70JYH_4/video-source-url-name"},"path":{"S":"Hdi_RJnx1j4vky70JYH_4/55112f59a27242a2303951490d71633f61b89cbd187640e8f5678259c082faab"},"revalidatedAt":{"N":"1709739537640"}},{"tag":{"S":"Hdi_RJnx1j4vky70JYH_4/video-source-url-name"},"path":{"S":"Hdi_RJnx1j4vky70JYH_4/557a548629172f6d718eb228552216cec118000d3b8f653539dbdcc3cd3f57c8"},"revalidatedAt":{"N":"1709739537641"}},{"tag":{"S":"Hdi_RJnx1j4vky70JYH_4/video-source-url-name"},"path":{"S":"Hdi_RJnx1j4vky70JYH_4/55dedcea2b56ef9733447225afa011c155825faafe483c7886f6443836b63a67"},"revalidatedAt":{"N":"1709739537641"}},{"tag":{"S":"Hdi_RJnx1j4vky70JYH_4/anime-details-name"},"path":{"S":"Hdi_RJnx1j4vky70JYH_4/566b880b3503ab14d608027a5df28bfa723488e89c41ade6af856b80578f4136"},"revalidatedAt":{"N":"1709739537641"}},{"tag":{"S":"Hdi_RJnx1j4vky70JYH_4/anime-details-name"},"path":{"S":"Hdi_RJnx1j4vky70JYH_4/57d006cff9f7d41bf24170d79a9db9dedfd62bcd2b41377da75470ce461a23f2"},"revalidatedAt":{"N":"1709739537642"}},{"tag":{"S":"Hdi_RJnx1j4vky70JYH_4/anime-details-name"},"path":{"S":"Hdi_RJnx1j4vky70JYH_4/5849cb7579c3d25f49278877870dfa82e3593341cd0d67e01e1df1f229a49623"},"revalidatedAt":{"N":"1709739537643"}},{"tag":{"S":"Hdi_RJnx1j4vky70JYH_4/video-source-url-name"},"path":{"S":"Hdi_RJnx1j4vky70JYH_4/59255cf835bd9c1d4efa024ee6639beff933badde6c9f824668dececb0e4fa9f"},"revalidatedAt":{"N":"1709739537643"}},{"tag":{"S":"Hdi_RJnx1j4vky70JYH_4/video-source-url-name"},"path":{"S":"Hdi_RJnx1j4vky70JYH_4/59e92301af33015db9bf91bfd5e44d1484ac312a723258f9119308dec4337f92"},"revalidatedAt":{"N":"1709739537643"}},{"tag":{"S":"Hdi_RJnx1j4vky70JYH_4/search"},"path":{"S":"Hdi_RJnx1j4vky70JYH_4/5a9d59d84b4073efed814f6c851a6a4047e51dae1f97a4a1d881d898579c7e00"},"revalidatedAt":{"N":"1709739537644"}},{"tag":{"S":"Hdi_RJnx1j4vky70JYH_4/video-source-url-name"},"path":{"S":"Hdi_RJnx1j4vky70JYH_4/5aee600895d3c5ead36a8b1ed400464333d7ce94b4d1f3d461443a96e12deab8"},"revalidatedAt":{"N":"1709739537644"}},{"tag":{"S":"Hdi_RJnx1j4vky70JYH_4/video-source-url-name"},"path":{"S":"Hdi_RJnx1j4vky70JYH_4/5b0c5e582f09a4bc1881c5f1ecdfb989cf24fa4082f78e7c08bd736dd84c889b"},"revalidatedAt":{"N":"1709739537644"}},{"tag":{"S":"Hdi_RJnx1j4vky70JYH_4/video-source-url-name"},"path":{"S":"Hdi_RJnx1j4vky70JYH_4/5b6471d4510c0dda82ca3459d5e8104d2b46e0b0a584e8b0c2b84e3f4cd21407"},"revalidatedAt":{"N":"1709739537644"}},{"tag":{"S":"Hdi_RJnx1j4vky70JYH_4/video-source-url-name"},"path":{"S":"Hdi_RJnx1j4vky70JYH_4/5b6c8a9b4e349bdec5ddb38bb2bd8d9093bf12abefbc1f27a63cac8c75a4af15"},"revalidatedAt":{"N":"1709739537644"}},{"tag":{"S":"Hdi_RJnx1j4vky70JYH_4/video-source-url-name"},"path":{"S":"Hdi_RJnx1j4vky70JYH_4/5c6b30a9cb46dca9195f0793742f30795293ee37e5b5d70a3cbee90c66f4311a"},"revalidatedAt":{"N":"1709739537645"}},{"tag":{"S":"Hdi_RJnx1j4vky70JYH_4/anime-details-name"},"path":{"S":"Hdi_RJnx1j4vky70JYH_4/5dd0d3015acbdeffb9452e87ca4492d4a028f0b66a4cf136bb4f55b5d96cbda6"},"revalidatedAt":{"N":"1709739537646"}},{"tag":{"S":"Hdi_RJnx1j4vky70JYH_4/video-source-url-name"},"path":{"S":"Hdi_RJnx1j4vky70JYH_4/60d1ca322a80f7a537ee789a605c132712c36beb47ab3f8edd3470c10a0d3c2f"},"revalidatedAt":{"N":"1709739537646"}},{"tag":{"S":"Hdi_RJnx1j4vky70JYH_4/anime-details-name"},"path":{"S":"Hdi_RJnx1j4vky70JYH_4/60d566e11a70f0be5260b401ff6b2cb9481da58234f36a8a92b10ee73fc580b6"},"revalidatedAt":{"N":"1709739537647"}},{"tag":{"S":"Hdi_RJnx1j4vky70JYH_4/anime-details-name"},"path":{"S":"Hdi_RJnx1j4vky70JYH_4/63b9b8896c4d84db0ebbc16ec8a00e5a7a9ce765d760cb24ce93efdd5a9cd3ad"},"revalidatedAt":{"N":"1709739537648"}},{"tag":{"S":"Hdi_RJnx1j4vky70JYH_4/video-source-url-name"},"path":{"S":"Hdi_RJnx1j4vky70JYH_4/6515739132c82fb05c5e3ec36a79a0e72cf050c23e16767d299c120552f2e69e"},"revalidatedAt":{"N":"1709739537649"}},{"tag":{"S":"Hdi_RJnx1j4vky70JYH_4/anime-details-name"},"path":{"S":"Hdi_RJnx1j4vky70JYH_4/662673b39a4dd8714d8ca00fdd6fdcb6d7fb10e7a7b4b3fea5aafe0448c08bb5"},"revalidatedAt":{"N":"1709739537649"}},{"tag":{"S":"Hdi_RJnx1j4vky70JYH_4/video-source-url-name"},"path":{"S":"Hdi_RJnx1j4vky70JYH_4/6670811e4bb8ac32db25514785eb6fe86d883a2dcba312a094c5f6e4ab764857"},"revalidatedAt":{"N":"1709739537649"}},{"tag":{"S":"Hdi_RJnx1j4vky70JYH_4/anime-details-name"},"path":{"S":"Hdi_RJnx1j4vky70JYH_4/66dda9c05dff63d3063d6050b007fc3a842fcadfe30628e78389ab56fc1973d6"},"revalidatedAt":{"N":"1709739537650"}},{"tag":{"S":"Hdi_RJnx1j4vky70JYH_4/anime-details-name"},"path":{"S":"Hdi_RJnx1j4vky70JYH_4/6793d0d28d4db653e09d4aa5d9a773fcc52cb76d84f818747687f3932607f21e"},"revalidatedAt":{"N":"1709739537651"}},{"tag":{"S":"Hdi_RJnx1j4vky70JYH_4/video-source-url-name"},"path":{"S":"Hdi_RJnx1j4vky70JYH_4/684a3c292840987e6b34546acbdb40f393695fe0e1ef8edebb8d5a636326d6cf"},"revalidatedAt":{"N":"1709739537652"}},{"tag":{"S":"Hdi_RJnx1j4vky70JYH_4/anime-details-name"},"path":{"S":"Hdi_RJnx1j4vky70JYH_4/6a6eedf98f12564d61098161f5f53d203b7794f5eef066ad060150f287e71992"},"revalidatedAt":{"N":"1709739537653"}},{"tag":{"S":"Hdi_RJnx1j4vky70JYH_4/video-source-url-name"},"path":{"S":"Hdi_RJnx1j4vky70JYH_4/6aecc7f65ec7a154a39f7b731041f8eb47b55374340be6b5508ebe98a67ed42a"},"revalidatedAt":{"N":"1709739537653"}},{"tag":{"S":"Hdi_RJnx1j4vky70JYH_4/anime-details-name"},"path":{"S":"Hdi_RJnx1j4vky70JYH_4/6b2229929dc964c9f5ad87f3f730606ced7fc257c6a749318541de8c2b64e6f2"},"revalidatedAt":{"N":"1709739537654"}},{"tag":{"S":"Hdi_RJnx1j4vky70JYH_4/video-source-url-name"},"path":{"S":"Hdi_RJnx1j4vky70JYH_4/6b7b430775f8cfd1db28be34dd9a3a4503c70164c8b47cd580f0d9807c8ecb9a"},"revalidatedAt":{"N":"1709739537654"}},{"tag":{"S":"Hdi_RJnx1j4vky70JYH_4/anime-details-name"},"path":{"S":"Hdi_RJnx1j4vky70JYH_4/6dab3c6c20e860aad83d845bbdf48897f69c03df31aec532b94f2d63b39b460c"},"revalidatedAt":{"N":"1709739537657"}},{"tag":{"S":"Hdi_RJnx1j4vky70JYH_4/search"},"path":{"S":"Hdi_RJnx1j4vky70JYH_4/6dbd002fbfb938ee8124bb41f7d1c3a64c36653f936820402d768d43042baa20"},"revalidatedAt":{"N":"1709739537657"}},{"tag":{"S":"Hdi_RJnx1j4vky70JYH_4/anime-details-name"},"path":{"S":"Hdi_RJnx1j4vky70JYH_4/6e4c71817f6f4bbe90dc8c30303ee9d0b8177e388c6126abea4dc2b2eb3302f6"},"revalidatedAt":{"N":"1709739537658"}},{"tag":{"S":"Hdi_RJnx1j4vky70JYH_4/video-source-url-name"},"path":{"S":"Hdi_RJnx1j4vky70JYH_4/6efe1d49d206e88dada607bc0c6de3f50684b3729e4aff6b5a74aa37816e9455"},"revalidatedAt":{"N":"1709739537658"}},{"tag":{"S":"Hdi_RJnx1j4vky70JYH_4/anime-details-name"},"path":{"S":"Hdi_RJnx1j4vky70JYH_4/700352335d31052586603cd156603be3408a3a6520524449374a7bc91865d2c9"},"revalidatedAt":{"N":"1709739537659"}},{"tag":{"S":"Hdi_RJnx1j4vky70JYH_4/anime-details-name"},"path":{"S":"Hdi_RJnx1j4vky70JYH_4/70e7f23887c966d1f1e367e2e3c64541b021482c530f5099c7d31e301be246f2"},"revalidatedAt":{"N":"1709739537659"}},{"tag":{"S":"Hdi_RJnx1j4vky70JYH_4/video-source-url-name"},"path":{"S":"Hdi_RJnx1j4vky70JYH_4/71cdef48ebfd0259e918d7522b97aed2156646bbfba1de5ea0a7e2b26a5aa411"},"revalidatedAt":{"N":"1709739537660"}},{"tag":{"S":"Hdi_RJnx1j4vky70JYH_4/video-source-url-name"},"path":{"S":"Hdi_RJnx1j4vky70JYH_4/730f0a2532ea02d3d4ccced52dd873b6015cdb7a1f37d99f3357081d7ce55f47"},"revalidatedAt":{"N":"1709739537661"}},{"tag":{"S":"Hdi_RJnx1j4vky70JYH_4/anime-details-name"},"path":{"S":"Hdi_RJnx1j4vky70JYH_4/737dc8ac88400d4b79559c303f86ec1d6808caf15b7cd6d33242495dd51fa882"},"revalidatedAt":{"N":"1709739537661"}},{"tag":{"S":"Hdi_RJnx1j4vky70JYH_4/anime-details-name"},"path":{"S":"Hdi_RJnx1j4vky70JYH_4/73b7bafda079e6bbdc9757ea34d3287d6aedeb5fa0f27b035f04665a109cc860"},"revalidatedAt":{"N":"1709739537662"}},{"tag":{"S":"Hdi_RJnx1j4vky70JYH_4/anime-details-name"},"path":{"S":"Hdi_RJnx1j4vky70JYH_4/73f7052c1edc6cc7503353f9a1570e1df22c45899823df7d57a8c4ecea3beefc"},"revalidatedAt":{"N":"1709739537662"}},{"tag":{"S":"Hdi_RJnx1j4vky70JYH_4/video-source-url-name"},"path":{"S":"Hdi_RJnx1j4vky70JYH_4/74fad8acf4e73904b19363a91158bf21456412b1736b16cc1f7ab99d8a45c153"},"revalidatedAt":{"N":"1709739537662"}},{"tag":{"S":"Hdi_RJnx1j4vky70JYH_4/search"},"path":{"S":"Hdi_RJnx1j4vky70JYH_4/751f10580aac48eefaff0799cc6bd650a478d2e61be3dd6fd55c873c4cb2f000"},"revalidatedAt":{"N":"1709739537663"}},{"tag":{"S":"Hdi_RJnx1j4vky70JYH_4/anime-details-name"},"path":{"S":"Hdi_RJnx1j4vky70JYH_4/756267cbf9e4aa71584b68ab20667fddcb3df9ce3921380a66bb643036b89643"},"revalidatedAt":{"N":"1709739537663"}},{"tag":{"S":"Hdi_RJnx1j4vky70JYH_4/anime-details-name"},"path":{"S":"Hdi_RJnx1j4vky70JYH_4/75a0777eef3f54a1f30fd3bbcb0f8e9a24e6ce935af50d858c8f724d6603767e"},"revalidatedAt":{"N":"1709739537663"}},{"tag":{"S":"Hdi_RJnx1j4vky70JYH_4/anime-details-name"},"path":{"S":"Hdi_RJnx1j4vky70JYH_4/76318786f100ab995ec0f8c5ce711f0f4937cbbeefd13e1afa5c48ffb9727984"},"revalidatedAt":{"N":"1709739537664"}},{"tag":{"S":"Hdi_RJnx1j4vky70JYH_4/video-source-url-name"},"path":{"S":"Hdi_RJnx1j4vky70JYH_4/7731f69b3d86b1f71879f65fb74a95d33e437c3a3a7725feef7bf377cd92f731"},"revalidatedAt":{"N":"1709739537665"}},{"tag":{"S":"Hdi_RJnx1j4vky70JYH_4/search"},"path":{"S":"Hdi_RJnx1j4vky70JYH_4/784bb77670c7bd0845fe8ecac0680cc5dd495160fcf699057c237f575bb885f2"},"revalidatedAt":{"N":"1709739537665"}},{"tag":{"S":"Hdi_RJnx1j4vky70JYH_4/video-source-url-name"},"path":{"S":"Hdi_RJnx1j4vky70JYH_4/7964603bb42f5b180c3913346ce0b5621ff993f1c3a83912e00edf95e9fd0a98"},"revalidatedAt":{"N":"1709739537666"}},{"tag":{"S":"Hdi_RJnx1j4vky70JYH_4/anime-details-name"},"path":{"S":"Hdi_RJnx1j4vky70JYH_4/7a52562660838ce50d032f9333f309798dfce7b6e5f7bc3f2e114fed03d13fb4"},"revalidatedAt":{"N":"1709739537667"}},{"tag":{"S":"Hdi_RJnx1j4vky70JYH_4/anime-details-name"},"path":{"S":"Hdi_RJnx1j4vky70JYH_4/7a6de56a86202c43730289e534a112da2671d7669684bcbe60b859feddd1096e"},"revalidatedAt":{"N":"1709739537667"}},{"tag":{"S":"Hdi_RJnx1j4vky70JYH_4/anime-details-name"},"path":{"S":"Hdi_RJnx1j4vky70JYH_4/7aa5e004de8ce6803e1b4b6d60d4958e1deca630f079626d8a1e0dc942ec9e98"},"revalidatedAt":{"N":"1709739537667"}},{"tag":{"S":"Hdi_RJnx1j4vky70JYH_4/search"},"path":{"S":"Hdi_RJnx1j4vky70JYH_4/7addaa2f689da6c87d3cdf779c112b4df18d2dc3e173f61f7facae88b6c88808"},"revalidatedAt":{"N":"1709739537668"}},{"tag":{"S":"Hdi_RJnx1j4vky70JYH_4/video-source-url-name"},"path":{"S":"Hdi_RJnx1j4vky70JYH_4/7b41388f21a5e6efc7c65ce4cf013989a8f4e7b5dcc3ee76b63eac6990f8aa11"},"revalidatedAt":{"N":"1709739537668"}},{"tag":{"S":"Hdi_RJnx1j4vky70JYH_4/video-source-url-name"},"path":{"S":"Hdi_RJnx1j4vky70JYH_4/7b66c4966ed5bf9d824b9e4689df42bb7499871e1f506afb7ceffebd8b1611cb"},"revalidatedAt":{"N":"1709739537669"}},{"tag":{"S":"Hdi_RJnx1j4vky70JYH_4/video-source-url-name"},"path":{"S":"Hdi_RJnx1j4vky70JYH_4/7be5cb00e6aa3a8c39ba2ee56e826bb89eff2d4f07e255e7be692661fe4b6e8f"},"revalidatedAt":{"N":"1709739537669"}},{"tag":{"S":"Hdi_RJnx1j4vky70JYH_4/anime-details-name"},"path":{"S":"Hdi_RJnx1j4vky70JYH_4/7d1976b1de00b3c7cba15a17d6481449a712a0f0fd0c8f3ac321f7f8c636f8ce"},"revalidatedAt":{"N":"1709739537669"}},{"tag":{"S":"Hdi_RJnx1j4vky70JYH_4/anime-details-name"},"path":{"S":"Hdi_RJnx1j4vky70JYH_4/7d3f4055b896b7407d83a224b45b020651fd47282f0a42e42e12d1dd3f5ba8b8"},"revalidatedAt":{"N":"1709739537670"}},{"tag":{"S":"Hdi_RJnx1j4vky70JYH_4/anime-details-name"},"path":{"S":"Hdi_RJnx1j4vky70JYH_4/7e4a35f1c5f572c147822bf593133f6d44c0563d57199bc184da0271d4927422"},"revalidatedAt":{"N":"1709739537671"}},{"tag":{"S":"Hdi_RJnx1j4vky70JYH_4/anime-details-name"},"path":{"S":"Hdi_RJnx1j4vky70JYH_4/7f3ff02be5fd57cbff02211428c0404af2a05e598b4998e5cf1aba6bd799c9b6"},"revalidatedAt":{"N":"1709739537672"}},{"tag":{"S":"Hdi_RJnx1j4vky70JYH_4/anime-details-name"},"path":{"S":"Hdi_RJnx1j4vky70JYH_4/7f5a60611afd3584a43325957d1e1b4742de018f07df690a9e636fb38e8f262a"},"revalidatedAt":{"N":"1709739537672"}},{"tag":{"S":"Hdi_RJnx1j4vky70JYH_4/video-source-url-name"},"path":{"S":"Hdi_RJnx1j4vky70JYH_4/80d54c38731584919bb919a64d643962b06d71cc752e760f1bdc0a8be75eebdb"},"revalidatedAt":{"N":"1709739537673"}},{"tag":{"S":"Hdi_RJnx1j4vky70JYH_4/anime-details-name"},"path":{"S":"Hdi_RJnx1j4vky70JYH_4/8141c4fc35cb7deececcfad2dfa0cdfd1be2f426dc996f4baf3de986d2a464c2"},"revalidatedAt":{"N":"1709739537673"}},{"tag":{"S":"Hdi_RJnx1j4vky70JYH_4/anime-details-name"},"path":{"S":"Hdi_RJnx1j4vky70JYH_4/819781ae0ebb42f83d4ccca90d982919d3e8e11e5398a4c56654c1caad6f5eb1"},"revalidatedAt":{"N":"1709739537673"}},{"tag":{"S":"Hdi_RJnx1j4vky70JYH_4/anime-details-name"},"path":{"S":"Hdi_RJnx1j4vky70JYH_4/825d0fec9ae415b2b838c1ba188e6f67cb31d413b33573a13e5de4d13703641e"},"revalidatedAt":{"N":"1709739537673"}},{"tag":{"S":"Hdi_RJnx1j4vky70JYH_4/anime-details-name"},"path":{"S":"Hdi_RJnx1j4vky70JYH_4/853570309c05d5c56dad31f161610b356bcfbf49a9c70a0d866b0514f350a063"},"revalidatedAt":{"N":"1709739537674"}},{"tag":{"S":"Hdi_RJnx1j4vky70JYH_4/anime-details-name"},"path":{"S":"Hdi_RJnx1j4vky70JYH_4/858ff24699552ccd4e1e77ea779f3f57f374c7173885edbd06004c700f243b6a"},"revalidatedAt":{"N":"1709739537674"}},{"tag":{"S":"Hdi_RJnx1j4vky70JYH_4/video-source-url-name"},"path":{"S":"Hdi_RJnx1j4vky70JYH_4/8591180157b5b601a3405473c1ffecd418c6a114c3132d98cd2d68baa992bbf8"},"revalidatedAt":{"N":"1709739537674"}},{"tag":{"S":"Hdi_RJnx1j4vky70JYH_4/anime-details-name"},"path":{"S":"Hdi_RJnx1j4vky70JYH_4/85b8a03dc87d3e57f8178f83880d4ccf46efd9b5acce4dc6c2cf893f0c534c59"},"revalidatedAt":{"N":"1709739537674"}},{"tag":{"S":"Hdi_RJnx1j4vky70JYH_4/anime-details-name"},"path":{"S":"Hdi_RJnx1j4vky70JYH_4/861ac53ea01bc33ca8164da404b6dbc3a5d59bfa541836c6b128828554ca3510"},"revalidatedAt":{"N":"1709739537674"}},{"tag":{"S":"Hdi_RJnx1j4vky70JYH_4/video-source-url-name"},"path":{"S":"Hdi_RJnx1j4vky70JYH_4/865963c6f81cf4b00a268220abc84200d69213278a92a224cc2a28e3ec5d2cf8"},"revalidatedAt":{"N":"1709739537675"}},{"tag":{"S":"Hdi_RJnx1j4vky70JYH_4/search"},"path":{"S":"Hdi_RJnx1j4vky70JYH_4/8778e6d790c46a5d30c23b6a3f7a568ccaffdc9b9f30034f1b4473123bae8e5d"},"revalidatedAt":{"N":"1709739537675"}},{"tag":{"S":"Hdi_RJnx1j4vky70JYH_4/search"},"path":{"S":"Hdi_RJnx1j4vky70JYH_4/884ecac23b94d3c5f37c65401a45f7c9d05668cbee7a4ac4d70d83fe925334c1"},"revalidatedAt":{"N":"1709739537676"}},{"tag":{"S":"Hdi_RJnx1j4vky70JYH_4/anime-details-name"},"path":{"S":"Hdi_RJnx1j4vky70JYH_4/890b74c78753484b970ef4c1e396649cf7c6d53e967c929fa7039e6afc60eed6"},"revalidatedAt":{"N":"1709739537676"}},{"tag":{"S":"Hdi_RJnx1j4vky70JYH_4/video-source-url-name"},"path":{"S":"Hdi_RJnx1j4vky70JYH_4/89584a4449f65a2fd0b50d5ff91082788cecb08deb5865ca8b09424b763ded4e"},"revalidatedAt":{"N":"1709739537677"}},{"tag":{"S":"Hdi_RJnx1j4vky70JYH_4/video-source-url-name"},"path":{"S":"Hdi_RJnx1j4vky70JYH_4/8ac501cde67bf8c884248a94960dfd34722dec09f08ab1fa9ea131a958f3481a"},"revalidatedAt":{"N":"1709739537677"}},{"tag":{"S":"Hdi_RJnx1j4vky70JYH_4/search"},"path":{"S":"Hdi_RJnx1j4vky70JYH_4/8ad70ec87fa8e39c4a2c0e8cd8378400e5cb31cf77ed75fee980634d16f0856d"},"revalidatedAt":{"N":"1709739537678"}},{"tag":{"S":"Hdi_RJnx1j4vky70JYH_4/search"},"path":{"S":"Hdi_RJnx1j4vky70JYH_4/8b4d42c97b651bce418f9beff1d7d1a9ce1c2b8b5ca0465ba789b9046e54cc27"},"revalidatedAt":{"N":"1709739537678"}},{"tag":{"S":"Hdi_RJnx1j4vky70JYH_4/search"},"path":{"S":"Hdi_RJnx1j4vky70JYH_4/8b6acf5bdf6d90fb6887e20771e1f4f5d0488b1e06d853b65bea194526e10c3e"},"revalidatedAt":{"N":"1709739537678"}},{"tag":{"S":"Hdi_RJnx1j4vky70JYH_4/video-source-url-name"},"path":{"S":"Hdi_RJnx1j4vky70JYH_4/8c98a11c8c4f86f106d4cfbaf39cdfdb36f571ae5d271766625dab96e3f73195"},"revalidatedAt":{"N":"1709739537678"}},{"tag":{"S":"Hdi_RJnx1j4vky70JYH_4/anime-details-name"},"path":{"S":"Hdi_RJnx1j4vky70JYH_4/8d059f1bb0fa28985c19db9059ebe0e91de0d49aef41999126e9c30eb63aa8e0"},"revalidatedAt":{"N":"1709739537679"}},{"tag":{"S":"Hdi_RJnx1j4vky70JYH_4/anime-details-name"},"path":{"S":"Hdi_RJnx1j4vky70JYH_4/8d92dfb711bcb8e1fb56c3cc76cc207083155571668930b103055d590ae67ff0"},"revalidatedAt":{"N":"1709739537679"}},{"tag":{"S":"Hdi_RJnx1j4vky70JYH_4/anime-details-name"},"path":{"S":"Hdi_RJnx1j4vky70JYH_4/8e2973299e39231d1f84c80a7ce64bb3df1e0e720fcf2431441c3fbaa2d62cf1"},"revalidatedAt":{"N":"1709739537679"}},{"tag":{"S":"Hdi_RJnx1j4vky70JYH_4/video-source-url-name"},"path":{"S":"Hdi_RJnx1j4vky70JYH_4/8f97543fcf793bbd0ad3884ee6c17ed3292707a5ff81acba6501a73be2b90d3b"},"revalidatedAt":{"N":"1709739537680"}},{"tag":{"S":"Hdi_RJnx1j4vky70JYH_4/video-source-url-name"},"path":{"S":"Hdi_RJnx1j4vky70JYH_4/8fbbd5cebcc86f01512b804ab6466c8fb364b56fcad642f4640364d6fa833525"},"revalidatedAt":{"N":"1709739537680"}},{"tag":{"S":"Hdi_RJnx1j4vky70JYH_4/search"},"path":{"S":"Hdi_RJnx1j4vky70JYH_4/901b717264ccfe233fdc27205c3041333160f248d31052c86da947fb3a1ca49f"},"revalidatedAt":{"N":"1709739537680"}},{"tag":{"S":"Hdi_RJnx1j4vky70JYH_4/anime-details-name"},"path":{"S":"Hdi_RJnx1j4vky70JYH_4/90d4a292a5adb62dffe19f7cd9b4ab12b9267ed3af8425ae814fc563da66a1f2"},"revalidatedAt":{"N":"1709739537680"}},{"tag":{"S":"Hdi_RJnx1j4vky70JYH_4/video-source-url-name"},"path":{"S":"Hdi_RJnx1j4vky70JYH_4/917cba55ebf45a015b681ca49ec748a8478d063c07006c47ecbf62316024aff4"},"revalidatedAt":{"N":"1709739537681"}},{"tag":{"S":"Hdi_RJnx1j4vky70JYH_4/video-source-url-name"},"path":{"S":"Hdi_RJnx1j4vky70JYH_4/91d1282e133a250433434da2897c2cccd1cacaffcad81bde808cf56bfef8f59f"},"revalidatedAt":{"N":"1709739537682"}},{"tag":{"S":"Hdi_RJnx1j4vky70JYH_4/video-source-url-name"},"path":{"S":"Hdi_RJnx1j4vky70JYH_4/923223245e8643799e4f55d45600462f9158c3a2156c51f6f6a0de90cdd58142"},"revalidatedAt":{"N":"1709739537682"}},{"tag":{"S":"Hdi_RJnx1j4vky70JYH_4/anime-details-name"},"path":{"S":"Hdi_RJnx1j4vky70JYH_4/925e3dfeeb1e1402975c0b7b4d27d90d90376d6b2913baca4091852c9a1d0474"},"revalidatedAt":{"N":"1709739537682"}},{"tag":{"S":"Hdi_RJnx1j4vky70JYH_4/anime-details-name"},"path":{"S":"Hdi_RJnx1j4vky70JYH_4/92d4bb64d51ca914a868c36883cde8e99fedd341503c9c6c1b51e14609d1ef9e"},"revalidatedAt":{"N":"1709739537682"}},{"tag":{"S":"Hdi_RJnx1j4vky70JYH_4/video-source-url-name"},"path":{"S":"Hdi_RJnx1j4vky70JYH_4/93033515a9fd852acb7d67706b2314bdd5c16cd8492a6c92551a062010a11498"},"revalidatedAt":{"N":"1709739537683"}},{"tag":{"S":"Hdi_RJnx1j4vky70JYH_4/video-source-url-name"},"path":{"S":"Hdi_RJnx1j4vky70JYH_4/9457ac3a19a4fd464c3dba375086fdd30249031a9da8e7fe4d52cd297543f993"},"revalidatedAt":{"N":"1709739537683"}},{"tag":{"S":"Hdi_RJnx1j4vky70JYH_4/video-source-url-name"},"path":{"S":"Hdi_RJnx1j4vky70JYH_4/9528ec1722c8846e42e8b02fa776530a947db3c4b49e1c1c21a6495dd530add1"},"revalidatedAt":{"N":"1709739537684"}},{"tag":{"S":"Hdi_RJnx1j4vky70JYH_4/video-source-url-name"},"path":{"S":"Hdi_RJnx1j4vky70JYH_4/97c9e9a5c83bd80e8d26694d357e1973d56a70e2a104dd3521b5146a3864f764"},"revalidatedAt":{"N":"1709739537686"}},{"tag":{"S":"Hdi_RJnx1j4vky70JYH_4/anime-details-name"},"path":{"S":"Hdi_RJnx1j4vky70JYH_4/983e3905f8f74ce4bd4141a29191aba641893ead283652dd40628e1ffdb7ce03"},"revalidatedAt":{"N":"1709739537686"}},{"tag":{"S":"Hdi_RJnx1j4vky70JYH_4/anime-details-name"},"path":{"S":"Hdi_RJnx1j4vky70JYH_4/9b87c1ba4a9fad75a8bba89460beba6b393238f42ba9ad554faf0ef20d5f24dc"},"revalidatedAt":{"N":"1709739537687"}},{"tag":{"S":"Hdi_RJnx1j4vky70JYH_4/anime-details-name"},"path":{"S":"Hdi_RJnx1j4vky70JYH_4/9bea24975aaaa175440f1c21c3094c4031813ea9ddd68995b44c2f9804abfa46"},"revalidatedAt":{"N":"1709739537687"}},{"tag":{"S":"Hdi_RJnx1j4vky70JYH_4/anime-details-name"},"path":{"S":"Hdi_RJnx1j4vky70JYH_4/9c4d199662084214f4195289defc92526604fe0b937f5b582accf8fdf0f5c2b6"},"revalidatedAt":{"N":"1709739537687"}},{"tag":{"S":"Hdi_RJnx1j4vky70JYH_4/video-source-url-name"},"path":{"S":"Hdi_RJnx1j4vky70JYH_4/9d08a48eab54bfb8c9e2d84bfcca829667b9ddfe49e0efaa66d22eea2d8eafc6"},"revalidatedAt":{"N":"1709739537688"}},{"tag":{"S":"Hdi_RJnx1j4vky70JYH_4/anime-details-name"},"path":{"S":"Hdi_RJnx1j4vky70JYH_4/9e2a1251b74b7e384f448493d0c919696c13c5ceaf3f800582380d622fd7162e"},"revalidatedAt":{"N":"1709739537688"}},{"tag":{"S":"Hdi_RJnx1j4vky70JYH_4/anime-details-name"},"path":{"S":"Hdi_RJnx1j4vky70JYH_4/9fbdc037cedd70507dd0380230bd8f8b9ca86ce83c1b66bb43baf89f4c6f6f97"},"revalidatedAt":{"N":"1709739537690"}},{"tag":{"S":"Hdi_RJnx1j4vky70JYH_4/anime-details-name"},"path":{"S":"Hdi_RJnx1j4vky70JYH_4/a25a4d7f78fa429a510701de5a5f7b1fff24e94e6a9f0c4d4d7c44802691acf4"},"revalidatedAt":{"N":"1709739537691"}},{"tag":{"S":"Hdi_RJnx1j4vky70JYH_4/video-source-url-name"},"path":{"S":"Hdi_RJnx1j4vky70JYH_4/a751e67eca8ff423465e3d1962ee38b8f31d9eb9f19e2f481648f921ae4f2539"},"revalidatedAt":{"N":"1709739537692"}},{"tag":{"S":"Hdi_RJnx1j4vky70JYH_4/video-source-url-name"},"path":{"S":"Hdi_RJnx1j4vky70JYH_4/a79c9adfe91eac2f5fa21ee1657c689a2e16edfe14e8f6e9974d3b4cb2be8677"},"revalidatedAt":{"N":"1709739537692"}},{"tag":{"S":"Hdi_RJnx1j4vky70JYH_4/search"},"path":{"S":"Hdi_RJnx1j4vky70JYH_4/a7a2101d58aa2a346e476345a51ea18e31ed4c83da63495a90f1c883f0cb72f2"},"revalidatedAt":{"N":"1709739537692"}},{"tag":{"S":"Hdi_RJnx1j4vky70JYH_4/search"},"path":{"S":"Hdi_RJnx1j4vky70JYH_4/a7fda5946926d325ff97839c5d022fcd82a77afd4830332b75c329ea5d07767a"},"revalidatedAt":{"N":"1709739537693"}},{"tag":{"S":"Hdi_RJnx1j4vky70JYH_4/search"},"path":{"S":"Hdi_RJnx1j4vky70JYH_4/a80f6bc92a1fb3b3704b23f8ac92a51465a54a12911aefd23fca2e4196c8f00b"},"revalidatedAt":{"N":"1709739537693"}},{"tag":{"S":"Hdi_RJnx1j4vky70JYH_4/search"},"path":{"S":"Hdi_RJnx1j4vky70JYH_4/a857de1173f7734846204406b42b1484ecf7060f5d9efa3a6e23f4245e809763"},"revalidatedAt":{"N":"1709739537693"}},{"tag":{"S":"Hdi_RJnx1j4vky70JYH_4/search"},"path":{"S":"Hdi_RJnx1j4vky70JYH_4/a86da68ea2e03d72d2528895e0307f7d80173ab55a6b4663931f6800a9828c7f"},"revalidatedAt":{"N":"1709739537694"}},{"tag":{"S":"Hdi_RJnx1j4vky70JYH_4/search"},"path":{"S":"Hdi_RJnx1j4vky70JYH_4/a87c3cfffcb8d12b5c6c95b648aeaa5cf2b25bcdf33912d9f1d5918153911a9b"},"revalidatedAt":{"N":"1709739537694"}},{"tag":{"S":"Hdi_RJnx1j4vky70JYH_4/search"},"path":{"S":"Hdi_RJnx1j4vky70JYH_4/a8d3b2847176759e1fbc07ea61da782c6c3d0cd0c8f7b1edf933add1278364fe"},"revalidatedAt":{"N":"1709739537694"}},{"tag":{"S":"Hdi_RJnx1j4vky70JYH_4/search"},"path":{"S":"Hdi_RJnx1j4vky70JYH_4/a8d4e628aff79ee91c799aff8329d16355d557445d435c95cb0d1c5c1dcd178c"},"revalidatedAt":{"N":"1709739537694"}},{"tag":{"S":"Hdi_RJnx1j4vky70JYH_4/anime-details-name"},"path":{"S":"Hdi_RJnx1j4vky70JYH_4/a9dabaf3b30a86259ee368ee4e0e12b4f78d421a219a91da253f380ad0a9b754"},"revalidatedAt":{"N":"1709739537696"}},{"tag":{"S":"Hdi_RJnx1j4vky70JYH_4/anime-details-name"},"path":{"S":"Hdi_RJnx1j4vky70JYH_4/aa560fa2ef45ab639b1ef78f9e91486df3ff17451cb62f2d0b9e21b2bfd9ebfc"},"revalidatedAt":{"N":"1709739537696"}},{"tag":{"S":"Hdi_RJnx1j4vky70JYH_4/anime-details-name"},"path":{"S":"Hdi_RJnx1j4vky70JYH_4/abf5cf773cae88b9359f90bcd88563ad637bdc38dc9ac839b2d70fd4cc78210e"},"revalidatedAt":{"N":"1709739537697"}},{"tag":{"S":"Hdi_RJnx1j4vky70JYH_4/anime-details-name"},"path":{"S":"Hdi_RJnx1j4vky70JYH_4/aca3a1061447b9f4b5c365989fa0cc4e99dfa89d393f0d82324fcbf7edc1b822"},"revalidatedAt":{"N":"1709739537698"}},{"tag":{"S":"Hdi_RJnx1j4vky70JYH_4/anime-details-name"},"path":{"S":"Hdi_RJnx1j4vky70JYH_4/ad89ec1ecacd39397577e42326680e865b576da6f6464445a905cc25b1890d10"},"revalidatedAt":{"N":"1709739537698"}},{"tag":{"S":"Hdi_RJnx1j4vky70JYH_4/anime-details-name"},"path":{"S":"Hdi_RJnx1j4vky70JYH_4/ae10673ebbaad7fac8548b01406d363b3a350e6a9373b64c1a8de4f739955079"},"revalidatedAt":{"N":"1709739537699"}},{"tag":{"S":"Hdi_RJnx1j4vky70JYH_4/video-source-url-name"},"path":{"S":"Hdi_RJnx1j4vky70JYH_4/ae331482ba681e3edb022b1754dcf57681edf4bdda3da03445f741660abae9e7"},"revalidatedAt":{"N":"1709739537699"}},{"tag":{"S":"Hdi_RJnx1j4vky70JYH_4/search"},"path":{"S":"Hdi_RJnx1j4vky70JYH_4/aea80f73f799be76c73135041a9e940f0b46c7eb3260010ae33ffe82a03f045a"},"revalidatedAt":{"N":"1709739537699"}},{"tag":{"S":"Hdi_RJnx1j4vky70JYH_4/recently-released-anime"},"path":{"S":"Hdi_RJnx1j4vky70JYH_4/af7a04e62b21b84504f675fff5b3dc11a83ef08e91343044eb69225248337fc2"},"revalidatedAt":{"N":"1709739537699"}},{"tag":{"S":"Hdi_RJnx1j4vky70JYH_4/video-source-url-name"},"path":{"S":"Hdi_RJnx1j4vky70JYH_4/afd110c4431431e54d16dbfa645b6ed3ffc30160e0fe6efd45b82bf97761f16b"},"revalidatedAt":{"N":"1709739537700"}},{"tag":{"S":"Hdi_RJnx1j4vky70JYH_4/video-source-url-name"},"path":{"S":"Hdi_RJnx1j4vky70JYH_4/b097e871c58ed2b52b2af77ec63acadd363fffca667a84526aee0f566a4d4250"},"revalidatedAt":{"N":"1709739537700"}},{"tag":{"S":"Hdi_RJnx1j4vky70JYH_4/video-source-url-name"},"path":{"S":"Hdi_RJnx1j4vky70JYH_4/b0aabbe8785632d64501de394671bb40ea1c87318db736f17b7306abbba5d500"},"revalidatedAt":{"N":"1709739537700"}},{"tag":{"S":"Hdi_RJnx1j4vky70JYH_4/anime-details-name"},"path":{"S":"Hdi_RJnx1j4vky70JYH_4/b3b8db1a6448d9e6dce8a4e2ec14ac7b12b2dec5721a45b9e7511808c24e85a2"},"revalidatedAt":{"N":"1709739537701"}},{"tag":{"S":"Hdi_RJnx1j4vky70JYH_4/video-source-url-name"},"path":{"S":"Hdi_RJnx1j4vky70JYH_4/b41fc5d9138285656f1a7905db7e7997ddd2ff58a364f4dc4d16c7c5b53d4f4c"},"revalidatedAt":{"N":"1709739537701"}},{"tag":{"S":"Hdi_RJnx1j4vky70JYH_4/video-source-url-name"},"path":{"S":"Hdi_RJnx1j4vky70JYH_4/b4aa2bebe2bc5f0eff924c2bb642ba0bb28a43dd1933f06a58186cf96361439b"},"revalidatedAt":{"N":"1709739537702"}},{"tag":{"S":"Hdi_RJnx1j4vky70JYH_4/anime-details-name"},"path":{"S":"Hdi_RJnx1j4vky70JYH_4/b67f8c688c34bff702a53bc6cd238a323dbc7aeb11a0a3aff4c2f36ed5b32fd3"},"revalidatedAt":{"N":"1709739537703"}},{"tag":{"S":"Hdi_RJnx1j4vky70JYH_4/video-source-url-name"},"path":{"S":"Hdi_RJnx1j4vky70JYH_4/b770ac7757d96daee5f43b1fec3f5a61542d02f6d678e20e4113d6a2edb590bf"},"revalidatedAt":{"N":"1709739537704"}},{"tag":{"S":"Hdi_RJnx1j4vky70JYH_4/search"},"path":{"S":"Hdi_RJnx1j4vky70JYH_4/b89acef187f335613d88e74412986ed9bd3ffa022c5a233c1920766194c15ae4"},"revalidatedAt":{"N":"1709739537704"}},{"tag":{"S":"Hdi_RJnx1j4vky70JYH_4/search"},"path":{"S":"Hdi_RJnx1j4vky70JYH_4/bc1115e8b24b277fc2c9fd0a6cf9d43088945db3757ab13a953a18d482ee76b4"},"revalidatedAt":{"N":"1709739537706"}},{"tag":{"S":"Hdi_RJnx1j4vky70JYH_4/video-source-url-name"},"path":{"S":"Hdi_RJnx1j4vky70JYH_4/bd6570744b5f50e9f091afab3d9c6e7ed981594f81072b87ea6bfe3032ef0903"},"revalidatedAt":{"N":"1709739537707"}},{"tag":{"S":"Hdi_RJnx1j4vky70JYH_4/anime-details-name"},"path":{"S":"Hdi_RJnx1j4vky70JYH_4/bd934f11e72f0f301745e230df5735eb1281a6856fcf17329d10effea30802dc"},"revalidatedAt":{"N":"1709739537707"}},{"tag":{"S":"Hdi_RJnx1j4vky70JYH_4/video-source-url-name"},"path":{"S":"Hdi_RJnx1j4vky70JYH_4/be91117d9ca9d54c3f81ada4afea8f407aa20d92ec076d4eab6ceecb71918ede"},"revalidatedAt":{"N":"1709739537708"}},{"tag":{"S":"Hdi_RJnx1j4vky70JYH_4/video-source-url-name"},"path":{"S":"Hdi_RJnx1j4vky70JYH_4/beb29023a1c5cbc5d71d0eaff737dd41b064b35ff9ba7487360a1a2cd70b1ba7"},"revalidatedAt":{"N":"1709739537708"}},{"tag":{"S":"Hdi_RJnx1j4vky70JYH_4/anime-details-name"},"path":{"S":"Hdi_RJnx1j4vky70JYH_4/bec2745439db7a737ef407c9737ae6d3b8250cbb8c966545c029d82a1d295a52"},"revalidatedAt":{"N":"1709739537709"}},{"tag":{"S":"Hdi_RJnx1j4vky70JYH_4/anime-details-name"},"path":{"S":"Hdi_RJnx1j4vky70JYH_4/bf16fc0d6e02b114fe201e02818e9915dd018ee3b2add8d1bd5e179513103dd9"},"revalidatedAt":{"N":"1709739537710"}},{"tag":{"S":"Hdi_RJnx1j4vky70JYH_4/anime-details-name"},"path":{"S":"Hdi_RJnx1j4vky70JYH_4/bf513b92111aa65a10eb05a8278496567689b74654ba4edb437894192512273b"},"revalidatedAt":{"N":"1709739537710"}},{"tag":{"S":"Hdi_RJnx1j4vky70JYH_4/video-source-url-name"},"path":{"S":"Hdi_RJnx1j4vky70JYH_4/c1113b4d5cc99cb36a93f3d6419f22248150db2e0d35cb28bd0ee4460d14e00c"},"revalidatedAt":{"N":"1709739537711"}},{"tag":{"S":"Hdi_RJnx1j4vky70JYH_4/anime-details-name"},"path":{"S":"Hdi_RJnx1j4vky70JYH_4/c13eddcea2a90837b8554cf7bd7f0dcdb531420bae9358c0a0f932cae01c8a2e"},"revalidatedAt":{"N":"1709739537711"}},{"tag":{"S":"Hdi_RJnx1j4vky70JYH_4/search"},"path":{"S":"Hdi_RJnx1j4vky70JYH_4/c24d592fc857fa8267941b249b48ebf64ab1ed0fa759afe3ca3bf7eda395ad24"},"revalidatedAt":{"N":"1709739537711"}},{"tag":{"S":"Hdi_RJnx1j4vky70JYH_4/video-source-url-name"},"path":{"S":"Hdi_RJnx1j4vky70JYH_4/c25cfe283d511887749dce3093b2431920e8554ee33fffe1e40138127a6d0e4e"},"revalidatedAt":{"N":"1709739537711"}},{"tag":{"S":"Hdi_RJnx1j4vky70JYH_4/search"},"path":{"S":"Hdi_RJnx1j4vky70JYH_4/c29212032c86d085d744191bb921d12828b332c8dd2e4cbce2304cbfecbbe1b9"},"revalidatedAt":{"N":"1709739537712"}},{"tag":{"S":"Hdi_RJnx1j4vky70JYH_4/video-source-url-name"},"path":{"S":"Hdi_RJnx1j4vky70JYH_4/c2b056bf7cc8857b5188c20b005af7a2631e877b1904db533ba06c1f42e2d594"},"revalidatedAt":{"N":"1709739537712"}},{"tag":{"S":"Hdi_RJnx1j4vky70JYH_4/anime-details-name"},"path":{"S":"Hdi_RJnx1j4vky70JYH_4/c2bace1409a1721cc090fffbb8d77dcc21b9c13daece879d4e28887e2756a081"},"revalidatedAt":{"N":"1709739537712"}},{"tag":{"S":"Hdi_RJnx1j4vky70JYH_4/anime-details-name"},"path":{"S":"Hdi_RJnx1j4vky70JYH_4/c31500464e9f14d8f68ed96b0f7acba9f5073ad921213fdcaca2430c138f47f5"},"revalidatedAt":{"N":"1709739537712"}},{"tag":{"S":"Hdi_RJnx1j4vky70JYH_4/recently-released-anime"},"path":{"S":"Hdi_RJnx1j4vky70JYH_4/c39d9065205421d80a5926be550bdaac317d7eafae79d3b570e9d5de25851d61"},"revalidatedAt":{"N":"1709739537712"}},{"tag":{"S":"Hdi_RJnx1j4vky70JYH_4/video-source-url-name"},"path":{"S":"Hdi_RJnx1j4vky70JYH_4/c41ca4c07df847244216cbe442a105171f9013cf97c734fc60dc45b4f5f90b97"},"revalidatedAt":{"N":"1709739537712"}},{"tag":{"S":"Hdi_RJnx1j4vky70JYH_4/video-source-url-name"},"path":{"S":"Hdi_RJnx1j4vky70JYH_4/c44efbc21cefeb414ef6e5222aebbd795c2705aa15c1b0bd672d1a262db07d45"},"revalidatedAt":{"N":"1709739537713"}},{"tag":{"S":"Hdi_RJnx1j4vky70JYH_4/video-source-url-name"},"path":{"S":"Hdi_RJnx1j4vky70JYH_4/c45a6e20345172d56e954292289b21d7d81b9a2672fb0a173d7a4ad51b0e4cc8"},"revalidatedAt":{"N":"1709739537713"}},{"tag":{"S":"Hdi_RJnx1j4vky70JYH_4/video-source-url-name"},"path":{"S":"Hdi_RJnx1j4vky70JYH_4/c501584976dbffcd348bd5df8f960bf888e5814084490de0b58baa7a1e9711cc"},"revalidatedAt":{"N":"1709739537713"}},{"tag":{"S":"Hdi_RJnx1j4vky70JYH_4/video-source-url-name"},"path":{"S":"Hdi_RJnx1j4vky70JYH_4/c627d2004dbb016d2996e1d3da86251242af0fa4948b82c1f1117011f10bff86"},"revalidatedAt":{"N":"1709739537714"}},{"tag":{"S":"Hdi_RJnx1j4vky70JYH_4/video-source-url-name"},"path":{"S":"Hdi_RJnx1j4vky70JYH_4/c65a7d2e00ff6e8e84a193aeeaf3cf0639c0e8ee6a76f20cab0dcb7e09b64e3a"},"revalidatedAt":{"N":"1709739537714"}},{"tag":{"S":"Hdi_RJnx1j4vky70JYH_4/anime-details-name"},"path":{"S":"Hdi_RJnx1j4vky70JYH_4/c690a60546099dc9ac036d9524948fd9c1c6d947d989c2a55ce5b25351159dc9"},"revalidatedAt":{"N":"1709739537714"}},{"tag":{"S":"Hdi_RJnx1j4vky70JYH_4/anime-details-name"},"path":{"S":"Hdi_RJnx1j4vky70JYH_4/c714467c41a8003dd73b241f93f4e977006518fa45d9892da75cbb714eedc56b"},"revalidatedAt":{"N":"1709739537714"}},{"tag":{"S":"Hdi_RJnx1j4vky70JYH_4/video-source-url-name"},"path":{"S":"Hdi_RJnx1j4vky70JYH_4/c755b734febecfb6df4fd43e97d933fde34203527c912c9094ae43d86635893e"},"revalidatedAt":{"N":"1709739537715"}},{"tag":{"S":"Hdi_RJnx1j4vky70JYH_4/anime-details-name"},"path":{"S":"Hdi_RJnx1j4vky70JYH_4/c8b4669698138fdcda1ce82d0566003462c5f0a893e15e0ec72b52dbe1a2a5ae"},"revalidatedAt":{"N":"1709739537715"}},{"tag":{"S":"Hdi_RJnx1j4vky70JYH_4/anime-details-name"},"path":{"S":"Hdi_RJnx1j4vky70JYH_4/c9284ecd9d4c056d8b7c1e9e29e6b3bea003455220818330d7c5ecdcc74f4771"},"revalidatedAt":{"N":"1709739537716"}},{"tag":{"S":"Hdi_RJnx1j4vky70JYH_4/anime-details-name"},"path":{"S":"Hdi_RJnx1j4vky70JYH_4/c97034a76d4956f0d1b1026c635abfb75a541b00db6de2ee260b4aa16fab33cc"},"revalidatedAt":{"N":"1709739537716"}},{"tag":{"S":"Hdi_RJnx1j4vky70JYH_4/anime-details-name"},"path":{"S":"Hdi_RJnx1j4vky70JYH_4/cbabb942d6216c6c2e9c2a03fa661bb8bf148012d6b23cb82af1b8ccc497ddcc"},"revalidatedAt":{"N":"1709739537717"}},{"tag":{"S":"Hdi_RJnx1j4vky70JYH_4/anime-details-name"},"path":{"S":"Hdi_RJnx1j4vky70JYH_4/ce303544dd288d8c7416698daa8d89c645a54627125b68bfdbe0dd714362dfbb"},"revalidatedAt":{"N":"1709739537718"}},{"tag":{"S":"Hdi_RJnx1j4vky70JYH_4/anime-details-name"},"path":{"S":"Hdi_RJnx1j4vky70JYH_4/ce9b65de3fc9bb9243878af49812e6788d0b76c4b6ada637c850790e3bd9ed1c"},"revalidatedAt":{"N":"1709739537719"}},{"tag":{"S":"Hdi_RJnx1j4vky70JYH_4/recently-released-anime"},"path":{"S":"Hdi_RJnx1j4vky70JYH_4/cf0f0bbcf2cf0f97b5aff2c9fb8bacc8668b13fcbc1e983d8fe347d651656734"},"revalidatedAt":{"N":"1709739537719"}},{"tag":{"S":"Hdi_RJnx1j4vky70JYH_4/video-source-url-name"},"path":{"S":"Hdi_RJnx1j4vky70JYH_4/d096c93acb4876492dd0e6377ea0810ec4e55c7d7823208461d20c30d3e77adb"},"revalidatedAt":{"N":"1709739537720"}},{"tag":{"S":"Hdi_RJnx1j4vky70JYH_4/video-source-url-name"},"path":{"S":"Hdi_RJnx1j4vky70JYH_4/d0b97fb029378952b747e56f9529a637c6fae87fc60ce0f4f6d162d81c81e10e"},"revalidatedAt":{"N":"1709739537720"}},{"tag":{"S":"Hdi_RJnx1j4vky70JYH_4/anime-details-name"},"path":{"S":"Hdi_RJnx1j4vky70JYH_4/d1138ac7dc9d09e688a1ac4841fb04d36b068d8b1ca2bd9cf2b8d8cb3d97032c"},"revalidatedAt":{"N":"1709739537720"}},{"tag":{"S":"Hdi_RJnx1j4vky70JYH_4/video-source-url-name"},"path":{"S":"Hdi_RJnx1j4vky70JYH_4/d1802146c4f4fc142a6c7d262a304aa5b9d0dfedaffc018313fcbc3aa3230ac9"},"revalidatedAt":{"N":"1709739537720"}},{"tag":{"S":"Hdi_RJnx1j4vky70JYH_4/anime-details-name"},"path":{"S":"Hdi_RJnx1j4vky70JYH_4/d1b7fc2d01465122fea18bb9332359c517709359cf2b1c64b5e9769ae9bdee0f"},"revalidatedAt":{"N":"1709739537720"}},{"tag":{"S":"Hdi_RJnx1j4vky70JYH_4/anime-details-name"},"path":{"S":"Hdi_RJnx1j4vky70JYH_4/d25df6cf9312490a136d3280867e2703eebc5af15b7c9481df0fe665f55c0f31"},"revalidatedAt":{"N":"1709739537721"}},{"tag":{"S":"Hdi_RJnx1j4vky70JYH_4/search"},"path":{"S":"Hdi_RJnx1j4vky70JYH_4/d284e44f7b58c2ad45823d00affdb3907b97cb0a38088c12951ab09df0f6d4ff"},"revalidatedAt":{"N":"1709739537721"}},{"tag":{"S":"Hdi_RJnx1j4vky70JYH_4/recently-released-anime"},"path":{"S":"Hdi_RJnx1j4vky70JYH_4/d32452c940757af9ae4ac8fd4e2d2869bc5936212030544d8a5f35d7c2e67ce4"},"revalidatedAt":{"N":"1709739537721"}},{"tag":{"S":"Hdi_RJnx1j4vky70JYH_4/anime-details-name"},"path":{"S":"Hdi_RJnx1j4vky70JYH_4/d361aa7a3eecc16115796436cd09d1acf18ca10a82160dc33c0be114eb2f89ab"},"revalidatedAt":{"N":"1709739537722"}},{"tag":{"S":"Hdi_RJnx1j4vky70JYH_4/search"},"path":{"S":"Hdi_RJnx1j4vky70JYH_4/d36daa90fea672fda968b4ed9acf2147d01010594d6cd53d4da2ac85a49d7185"},"revalidatedAt":{"N":"1709739537722"}},{"tag":{"S":"Hdi_RJnx1j4vky70JYH_4/search"},"path":{"S":"Hdi_RJnx1j4vky70JYH_4/d4959c1dbc34e6e33ec2bb50bca2a970bf87265bcc580fedbb6bcad1eae5610d"},"revalidatedAt":{"N":"1709739537722"}},{"tag":{"S":"Hdi_RJnx1j4vky70JYH_4/anime-details-name"},"path":{"S":"Hdi_RJnx1j4vky70JYH_4/d4ae16882f812a2c760cf21f2d81215ed1bec474ca5c294f38e7a279f2fc4ea4"},"revalidatedAt":{"N":"1709739537722"}},{"tag":{"S":"Hdi_RJnx1j4vky70JYH_4/anime-details-name"},"path":{"S":"Hdi_RJnx1j4vky70JYH_4/d4c90612ee16d23f5ae6bd671c7a27cbd6928a56d4e0733f051d6e52167ebb4a"},"revalidatedAt":{"N":"1709739537723"}},{"tag":{"S":"Hdi_RJnx1j4vky70JYH_4/anime-details-name"},"path":{"S":"Hdi_RJnx1j4vky70JYH_4/d647f5dcdbab2f451b8790f78ac47a42fc3a94cc7c80df0a9226d0c907615012"},"revalidatedAt":{"N":"1709739537723"}},{"tag":{"S":"Hdi_RJnx1j4vky70JYH_4/anime-details-name"},"path":{"S":"Hdi_RJnx1j4vky70JYH_4/d6a3fa9785c3b37f6de71a1ad4cc9657f25695f0b8b3cd58d75234217776f551"},"revalidatedAt":{"N":"1709739537723"}},{"tag":{"S":"Hdi_RJnx1j4vky70JYH_4/video-source-url-name"},"path":{"S":"Hdi_RJnx1j4vky70JYH_4/d6dda4680188e577fadd860a0b4914868ae455c440cd7b2ba045a82e51f961a5"},"revalidatedAt":{"N":"1709739537723"}},{"tag":{"S":"Hdi_RJnx1j4vky70JYH_4/video-source-url-name"},"path":{"S":"Hdi_RJnx1j4vky70JYH_4/d7d420be190dcb3d5ec8ac9b904689456e5067c5e9268e8ad737926198662691"},"revalidatedAt":{"N":"1709739537725"}},{"tag":{"S":"Hdi_RJnx1j4vky70JYH_4/video-source-url-name"},"path":{"S":"Hdi_RJnx1j4vky70JYH_4/d7e2b4b9fc862f1e031c517c4feb69ad215fec7edcdf1f0b722fc7c7cd6e2a6b"},"revalidatedAt":{"N":"1709739537725"}},{"tag":{"S":"Hdi_RJnx1j4vky70JYH_4/anime-details-name"},"path":{"S":"Hdi_RJnx1j4vky70JYH_4/d927069f87ec13a9ea7e614741ea868b5e3eb66dc6513f7470da7579815bc3b4"},"revalidatedAt":{"N":"1709739537725"}},{"tag":{"S":"Hdi_RJnx1j4vky70JYH_4/anime-details-name"},"path":{"S":"Hdi_RJnx1j4vky70JYH_4/d9a9f00b42b716eeffbdb82ee504c19f891eef5a82bbd418249dc157b0982348"},"revalidatedAt":{"N":"1709739537725"}},{"tag":{"S":"Hdi_RJnx1j4vky70JYH_4/anime-details-name"},"path":{"S":"Hdi_RJnx1j4vky70JYH_4/da934532e1cf4d6d38b0c031dc2fd81b3c80eae38cbf23719000de7608517ca9"},"revalidatedAt":{"N":"1709739537728"}},{"tag":{"S":"Hdi_RJnx1j4vky70JYH_4/search"},"path":{"S":"Hdi_RJnx1j4vky70JYH_4/dca1aee2b88c48cb64b0a090d922c92d2b47ea91b61d408ada34e35c547db990"},"revalidatedAt":{"N":"1709739537732"}},{"tag":{"S":"Hdi_RJnx1j4vky70JYH_4/anime-details-name"},"path":{"S":"Hdi_RJnx1j4vky70JYH_4/dcebd9e3c0711434bcc34f76038edf70fa46d9217260fb42eeffc19ca783140b"},"revalidatedAt":{"N":"1709739537732"}},{"tag":{"S":"Hdi_RJnx1j4vky70JYH_4/video-source-url-name"},"path":{"S":"Hdi_RJnx1j4vky70JYH_4/ddde481a2bead20e9d793d50617f5864ce968e38e0de38960b45e43d29864269"},"revalidatedAt":{"N":"1709739537732"}},{"tag":{"S":"Hdi_RJnx1j4vky70JYH_4/anime-details-name"},"path":{"S":"Hdi_RJnx1j4vky70JYH_4/de0e3a4e54a8754f1c2cab44c5f645b8955b8470b9932a8197ea8e54e2f16488"},"revalidatedAt":{"N":"1709739537733"}},{"tag":{"S":"Hdi_RJnx1j4vky70JYH_4/video-source-url-name"},"path":{"S":"Hdi_RJnx1j4vky70JYH_4/de939f9f650cc07d31391bc8e0c56531d0c589a2c7d27ffbf368313a8a483a74"},"revalidatedAt":{"N":"1709739537733"}},{"tag":{"S":"Hdi_RJnx1j4vky70JYH_4/search"},"path":{"S":"Hdi_RJnx1j4vky70JYH_4/e0720c549b555bbc5f8352dee154cc59ece92708b654eaff297f4231e3ad50fd"},"revalidatedAt":{"N":"1709739537734"}},{"tag":{"S":"Hdi_RJnx1j4vky70JYH_4/anime-details-name"},"path":{"S":"Hdi_RJnx1j4vky70JYH_4/e0a44df0812ee158b4dec78c05602e7fe20a73e89290f81bad3e22f728325801"},"revalidatedAt":{"N":"1709739537734"}},{"tag":{"S":"Hdi_RJnx1j4vky70JYH_4/video-source-url-name"},"path":{"S":"Hdi_RJnx1j4vky70JYH_4/e2ad596457d6559ac76910f9583908b6f3d6688bdabff3f32fefa60490ded1ce"},"revalidatedAt":{"N":"1709739537735"}},{"tag":{"S":"Hdi_RJnx1j4vky70JYH_4/video-source-url-name"},"path":{"S":"Hdi_RJnx1j4vky70JYH_4/e313ab214c4b58844ad1e381151064cf9a04b195a0e6d08ece9eb6c2a65a8b70"},"revalidatedAt":{"N":"1709739537735"}},{"tag":{"S":"Hdi_RJnx1j4vky70JYH_4/anime-details-name"},"path":{"S":"Hdi_RJnx1j4vky70JYH_4/e39e61ad0e73eb76dd88ab38df3d0cb6901d316a0a825a867d367799b0d0dcd7"},"revalidatedAt":{"N":"1709739537735"}},{"tag":{"S":"Hdi_RJnx1j4vky70JYH_4/recently-released-anime"},"path":{"S":"Hdi_RJnx1j4vky70JYH_4/e4a587f2926b5cb4aecebaa7934bfcc3899a19ca321c0b34afad3f1335d014d4"},"revalidatedAt":{"N":"1709739537736"}},{"tag":{"S":"Hdi_RJnx1j4vky70JYH_4/anime-details-name"},"path":{"S":"Hdi_RJnx1j4vky70JYH_4/e739a437bceee22a0eaa884cc63a729257222529375bbc29d236d5736b9f0500"},"revalidatedAt":{"N":"1709739537739"}},{"tag":{"S":"Hdi_RJnx1j4vky70JYH_4/anime-details-name"},"path":{"S":"Hdi_RJnx1j4vky70JYH_4/e8ec2616dd3be4bd1335ace684bd8bac4cd581a4c7578bb00f9a71d0e2559119"},"revalidatedAt":{"N":"1709739537740"}},{"tag":{"S":"Hdi_RJnx1j4vky70JYH_4/search"},"path":{"S":"Hdi_RJnx1j4vky70JYH_4/e9b06492da62eb863c6fe2d88be857ca4622c646c36ca287b8e16ec97b9af8e8"},"revalidatedAt":{"N":"1709739537740"}},{"tag":{"S":"Hdi_RJnx1j4vky70JYH_4/anime-details-name"},"path":{"S":"Hdi_RJnx1j4vky70JYH_4/eb16d7f6c2c28449a0f923cf41ef4b90b8e04f12e86d41b9e8566c2d2e92f40c"},"revalidatedAt":{"N":"1709739537740"}},{"tag":{"S":"Hdi_RJnx1j4vky70JYH_4/anime-details-name"},"path":{"S":"Hdi_RJnx1j4vky70JYH_4/ed5e485dd91d2a9afbdd7272797a3d75376cc20b81b75f783ecdc4963bbe689a"},"revalidatedAt":{"N":"1709739537742"}},{"tag":{"S":"Hdi_RJnx1j4vky70JYH_4/search"},"path":{"S":"Hdi_RJnx1j4vky70JYH_4/ed9b55e474ea3e2804a1b78369bcfb460d7f1b6f4432fc85eb1631b3304fa409"},"revalidatedAt":{"N":"1709739537742"}},{"tag":{"S":"Hdi_RJnx1j4vky70JYH_4/video-source-url-name"},"path":{"S":"Hdi_RJnx1j4vky70JYH_4/ef6d96f03d927c965e4fe5aa2db91adc430591367c37c7b656e3b759a5d89830"},"revalidatedAt":{"N":"1709739537743"}},{"tag":{"S":"Hdi_RJnx1j4vky70JYH_4/video-source-url-name"},"path":{"S":"Hdi_RJnx1j4vky70JYH_4/efff4a16137392b4403ed7af03120b1f8918b5de6f844e600aede77b4387da7a"},"revalidatedAt":{"N":"1709739537744"}},{"tag":{"S":"Hdi_RJnx1j4vky70JYH_4/anime-details-name"},"path":{"S":"Hdi_RJnx1j4vky70JYH_4/f07d274c90bd51b9fc4a14ce30ae5f0693480eb5a9fab5221fbce92267b75ee5"},"revalidatedAt":{"N":"1709739537745"}},{"tag":{"S":"Hdi_RJnx1j4vky70JYH_4/anime-details-name"},"path":{"S":"Hdi_RJnx1j4vky70JYH_4/f094cca98e62b3ef2e5e8f7cbd9114333de28c879866142ad7d003d3171021de"},"revalidatedAt":{"N":"1709739537745"}},{"tag":{"S":"Hdi_RJnx1j4vky70JYH_4/anime-details-name"},"path":{"S":"Hdi_RJnx1j4vky70JYH_4/f0c92ff0ce117bc945b5ee00a7845ec832ca2f5909ed8fe6d7caf2f7d268151e"},"revalidatedAt":{"N":"1709739537745"}},{"tag":{"S":"Hdi_RJnx1j4vky70JYH_4/video-source-url-name"},"path":{"S":"Hdi_RJnx1j4vky70JYH_4/f0d0a5c7461bb0d036cecad3fb3d6ae42adb97c93c983e7b949d2087a38b60ff"},"revalidatedAt":{"N":"1709739537745"}},{"tag":{"S":"Hdi_RJnx1j4vky70JYH_4/video-source-url-name"},"path":{"S":"Hdi_RJnx1j4vky70JYH_4/f15510c172e14fce71c7640a6efa60ba51109d3984fde0ade56df02fa70ff7b3"},"revalidatedAt":{"N":"1709739537746"}},{"tag":{"S":"Hdi_RJnx1j4vky70JYH_4/search"},"path":{"S":"Hdi_RJnx1j4vky70JYH_4/f17ed6d3a8004dd7f6b47b867f3586a0064bded3543986d8924e8979dcc46290"},"revalidatedAt":{"N":"1709739537746"}},{"tag":{"S":"Hdi_RJnx1j4vky70JYH_4/anime-details-name"},"path":{"S":"Hdi_RJnx1j4vky70JYH_4/f20dcff19ab81f1736ac4e4c4c3c6d665fd8ebfe5dc0391e0b4011d8c842cce5"},"revalidatedAt":{"N":"1709739537746"}},{"tag":{"S":"Hdi_RJnx1j4vky70JYH_4/video-source-url-name"},"path":{"S":"Hdi_RJnx1j4vky70JYH_4/f63f2fddbb0a5648ced43526d6d49178e7ca07ee7f528f3248f81f4f6df6b807"},"revalidatedAt":{"N":"1709739537748"}},{"tag":{"S":"Hdi_RJnx1j4vky70JYH_4/search"},"path":{"S":"Hdi_RJnx1j4vky70JYH_4/f6675070dd79c5d7855ba4ab33e72e56d34517a38789e0b4891e9eda4aee541f"},"revalidatedAt":{"N":"1709739537748"}},{"tag":{"S":"Hdi_RJnx1j4vky70JYH_4/search"},"path":{"S":"Hdi_RJnx1j4vky70JYH_4/f68e36bdfa84667ef1925958bb69341908e2d2f41f0f5f9c731fb2d9f59e912d"},"revalidatedAt":{"N":"1709739537748"}},{"tag":{"S":"Hdi_RJnx1j4vky70JYH_4/video-source-url-name"},"path":{"S":"Hdi_RJnx1j4vky70JYH_4/f6931c7eb2e350681fa6e43ff89125e8e77b471197a80858d05c4d3fe7193a70"},"revalidatedAt":{"N":"1709739537748"}},{"tag":{"S":"Hdi_RJnx1j4vky70JYH_4/anime-details-name"},"path":{"S":"Hdi_RJnx1j4vky70JYH_4/f74e9f4cc7d3489e42aedf377c2e49b3edecf1785744fec5c09193a8eebed2c7"},"revalidatedAt":{"N":"1709739537748"}},{"tag":{"S":"Hdi_RJnx1j4vky70JYH_4/anime-details-name"},"path":{"S":"Hdi_RJnx1j4vky70JYH_4/f779409443b18c94cbef159d0287e74757bf6540e9594e3af1f0a58f324049d7"},"revalidatedAt":{"N":"1709739537749"}},{"tag":{"S":"Hdi_RJnx1j4vky70JYH_4/video-source-url-name"},"path":{"S":"Hdi_RJnx1j4vky70JYH_4/f80c1d4acc70c09de8ce636a458dc176db1d9bc1d65ec1ecd8529d81c5f45c1b"},"revalidatedAt":{"N":"1709739537750"}},{"tag":{"S":"Hdi_RJnx1j4vky70JYH_4/anime-details-name"},"path":{"S":"Hdi_RJnx1j4vky70JYH_4/f8a58c638afe5f0f6db17e0e281ae35ea5a18f70092f01ae58bd35d5a033abd1"},"revalidatedAt":{"N":"1709739537751"}},{"tag":{"S":"Hdi_RJnx1j4vky70JYH_4/anime-details-name"},"path":{"S":"Hdi_RJnx1j4vky70JYH_4/fa40b6ada9c511297871684c0df3eb227dd7802adcb69da4072415748362a8c4"},"revalidatedAt":{"N":"1709739537752"}},{"tag":{"S":"Hdi_RJnx1j4vky70JYH_4/search"},"path":{"S":"Hdi_RJnx1j4vky70JYH_4/fa8f1f9bdc3ac878b14227f9c71149a7ffc6bd6aa944cfece75af39bc161de8a"},"revalidatedAt":{"N":"1709739537752"}},{"tag":{"S":"Hdi_RJnx1j4vky70JYH_4/anime-details-name"},"path":{"S":"Hdi_RJnx1j4vky70JYH_4/fe017a07e6d4cb8eaa617f36ce7adfd0ea114a10c1e4e3f0980b8c7f0b479e99"},"revalidatedAt":{"N":"1709739537753"}},{"tag":{"S":"Hdi_RJnx1j4vky70JYH_4/anime-details-name"},"path":{"S":"Hdi_RJnx1j4vky70JYH_4/fe6fa777a6ef96981fa62d3cec8da5aa219d1c211913d48f45c33eec89d2332f"},"revalidatedAt":{"N":"1709739537753"}},{"tag":{"S":"Hdi_RJnx1j4vky70JYH_4/video-source-url-name"},"path":{"S":"Hdi_RJnx1j4vky70JYH_4/ff8ecbadf11fc3953cbe4949ae2c8a0c945d0ffaec7c8fe92cb9aa7b5b607730"},"revalidatedAt":{"N":"1709739537755"}},{"tag":{"S":"Hdi_RJnx1j4vky70JYH_4/anime-details-name"},"path":{"S":"Hdi_RJnx1j4vky70JYH_4/ff9bba68fb84622616834e1ab0291379f7d01703117ca3ddd6718b4fc7f4e9a2"},"revalidatedAt":{"N":"1709739537755"}}]